IHP Amount for Owners,Owners Approved,Owners <$10k,Owners $10-25k,Owners $25k - Max,Owners Max,IHP Amount for Renters,Renters Approved,Renters $25k - Max,Renters Max
32272.0,8.0,6.0,2.0,0.0,0.0,0,0,0,0
622024.0,260.0,251.0,9.0,0.0,0.0,29177.0,19.0,0.0,0.0
31821.0,14.0,14.0,0.0,0.0,0.0,7079.0,4.0,0.0,0.0
44331.0,11.0,9.0,2.0,0.0,0.0,0.0,0.0,0.0,0.0
90293298.0,36895.0,35846.0,966.0,83.0,29.0,37099655.0,12965.0,35.0,1.0
239669.0,31.0,22.0,7.0,2.0,0.0,2079.0,1.0,0.0,0.0
140350.0,64.0,62.0,2.0,0.0,0.0,23508.0,15.0,0.0,0.0
113909.0,22.0,20.0,2.0,0.0,0.0,4457.0,2.0,0.0,0.0
13090487.0,3265.0,2972.0,261.0,32.0,10.0,1715682.0,677.0,2.0,0.0
865677.0,202.0,180.0,18.0,4.0,0.0,21577.0,13.0,0.0,0.0
1395364.0,152.0,108.0,21.0,23.0,8.0,87771.0,22.0,0.0,0.0
40064.0,22.0,22.0,0.0,0.0,0.0,1777.0,1.0,0.0,0.0
235229.0,94.0,93.0,1.0,0.0,0.0,11492.0,6.0,0.0,0.0
1490332.0,540.0,522.0,16.0,2.0,1.0,242809.0,93.0,0.0,0.0
962373.0,319.0,304.0,11.0,4.0,1.0,69880.0,20.0,0.0,0.0
804988.0,359.0,355.0,4.0,0.0,0.0,33242.0,25.0,0.0,0.0
4628301.0,551.0,399.0,80.0,72.0,49.0,334910.0,80.0,0.0,0.0
1433995.0,595.0,584.0,11.0,0.0,0.0,1271100.0,538.0,0.0,0.0
132196.0,48.0,46.0,2.0,0.0,0.0,0.0,0.0,0.0,0.0
156797.0,44.0,41.0,3.0,0.0,0.0,3399.0,3.0,0.0,0.0
255768.0,38.0,28.0,8.0,2.0,0.0,1560.0,1.0,0.0,0.0
1035300.0,389.0,378.0,10.0,1.0,0.0,49524.0,21.0,0.0,0.0
369305.0,169.0,165.0,4.0,0.0,0.0,46893.0,17.0,0.0,0.0
1844081.0,786.0,752.0,29.0,5.0,1.0,654114.0,419.0,0.0,0.0
34081.0,6.0,4.0,2.0,0.0,0.0,1056.0,1.0,0.0,0.0
94010.0,37.0,36.0,1.0,0.0,0.0,0.0,0.0,0.0,0.0
608295.0,191.0,177.0,13.0,1.0,0.0,72438.0,28.0,0.0,0.0
44872.0,20.0,20.0,0.0,0.0,0.0,0.0,0.0,0.0,0.0
620483.0,193.0,182.0,11.0,0.0,0.0,34983.0,8.0,0.0,0.0
261895.0,61.0,55.0,2.0,4.0,4.0,8722.0,5.0,0.0,0.0
98087.0,51.0,49.0,2.0,0.0,0.0,0.0,0.0,0.0,0.0
56376.0,25.0,25.0,0.0,0.0,0.0,1858.0,1.0,0.0,0.0
3703422.0,1406.0,1354.0,48.0,4.0,2.0,675329.0,268.0,0.0,0.0
149836.0,70.0,66.0,4.0,0.0,0.0,4314.0,2.0,0.0,0.0
778213.0,192.0,171.0,17.0,4.0,3.0,92343.0,24.0,0.0,0.0
649953.0,207.0,192.0,9.0,6.0,3.0,36747.0,18.0,0.0,0.0
3055169.0,593.0,514.0,39.0,40.0,39.0,3874167.0,928.0,6.0,4.0
312455.0,16.0,5.0,3.0,8.0,1.0,4042.0,3.0,0.0,0.0
492787.0,51.0,35.0,7.0,9.0,7.0,18906.0,5.0,0.0,0.0
56296.0,10.0,8.0,1.0,1.0,1.0,0.0,0.0,0.0,0.0
129665.0,20.0,16.0,3.0,1.0,0.0,22883.0,4.0,0.0,0.0
2190977.0,664.0,618.0,39.0,7.0,4.0,2157680.0,856.0,1.0,0.0
260526.0,33.0,23.0,6.0,4.0,1.0,41008.0,9.0,0.0,0.0
1432357.0,135.0,90.0,12.0,33.0,31.0,227991.0,49.0,0.0,0.0
68624.0,8.0,5.0,3.0,0.0,0.0,0,0,0,0
445503.0,54.0,38.0,12.0,4.0,3.0,194372.0,17.0,1.0,0.0
362321.0,37.0,25.0,10.0,2.0,1.0,69454.0,11.0,0.0,0.0
2098606.0,134.0,59.0,30.0,45.0,26.0,251270.0,31.0,2.0,0.0
1023466.0,527.0,516.0,11.0,0.0,0.0,227904.0,88.0,0.0,0.0
2961430.0,1471.0,1438.0,30.0,3.0,2.0,636569.0,217.0,0.0,0.0
30274449.0,7789.0,7057.0,584.0,148.0,80.0,5237727.0,1924.0,4.0,1.0
241676.0,90.0,85.0,4.0,1.0,0.0,5108.0,4.0,0.0,0.0
1321537.0,557.0,543.0,13.0,1.0,0.0,454522.0,213.0,0.0,0.0
56188.0,31.0,31.0,0.0,0.0,0.0,5115.0,2.0,0.0,0.0
1487219.0,478.0,446.0,25.0,7.0,4.0,118520.0,37.0,0.0,0.0
6145059.0,1628.0,1484.0,95.0,49.0,22.0,859484.0,338.0,2.0,0.0
490908.0,72.0,55.0,13.0,4.0,0.0,43506.0,18.0,0.0,0.0
67457.0,12.0,11.0,0.0,1.0,1.0,26118.0,7.0,0.0,0.0
9182777.0,805.0,512.0,96.0,197.0,147.0,1036908.0,242.0,0.0,0.0
0.0,0.0,0.0,0.0,0.0,0.0,124311.0,17.0,0.0,0.0
38582.0,5.0,4.0,0.0,1.0,0.0,601.0,1.0,0.0,0.0
34677.0,3.0,2.0,0.0,1.0,1.0,3474.0,1.0,0.0,0.0
0.0,0.0,0.0,0.0,0.0,0.0,0.0,0.0,0.0,0.0
36706.0,4.0,3.0,0.0,1.0,0.0,0,0,0,0
1575.0,1.0,1.0,0.0,0.0,0.0,0.0,0.0,0.0,0.0
858583.0,70.0,44.0,7.0,19.0,17.0,242867.0,34.0,1.0,1.0
65510.0,3.0,1.0,0.0,2.0,2.0,0.0,0.0,0.0,0.0
131082.0,19.0,16.0,1.0,2.0,2.0,966296.0,184.0,0.0,0.0
98684.0,17.0,15.0,0.0,2.0,2.0,2272.0,2.0,0.0,0.0
32400.0,1.0,0.0,0.0,1.0,1.0,0,0,0,0
28880.0,3.0,1.0,2.0,0.0,0.0,28967.0,3.0,0.0,0.0
60043.0,3.0,1.0,1.0,1.0,1.0,0,0,0,0
14642.0,2.0,1.0,1.0,0.0,0.0,8754.0,1.0,0.0,0.0
0.0,0.0,0.0,0.0,0.0,0.0,4124.0,2.0,0.0,0.0
15008.0,4.0,4.0,0.0,0.0,0.0,5349.0,2.0,0.0,0.0
1409700.0,372.0,360.0,2.0,10.0,9.0,659681.0,216.0,0.0,0.0
2102875.0,147.0,85.0,12.0,50.0,49.0,550620.0,120.0,1.0,0.0
113776.0,13.0,10.0,1.0,2.0,2.0,3460.0,3.0,0.0,0.0
67180.0,23.0,22.0,0.0,1.0,0.0,25162.0,7.0,0.0,0.0
121409.0,20.0,17.0,1.0,2.0,2.0,40652.0,7.0,0.0,0.0
451051.0,34.0,22.0,2.0,10.0,9.0,38932.0,9.0,0.0,0.0
254838.0,42.0,36.0,2.0,4.0,4.0,53043.0,14.0,0.0,0.0
120147.0,8.0,5.0,0.0,3.0,3.0,17120.0,1.0,0.0,0.0
346659.0,73.0,64.0,5.0,4.0,3.0,411571.0,145.0,2.0,2.0
261753.0,90.0,84.0,5.0,1.0,1.0,120372.0,41.0,0.0,0.0
28555.0,6.0,6.0,0.0,0.0,0.0,4710.0,2.0,0.0,0.0
36894.0,2.0,1.0,0.0,1.0,1.0,0,0,0,0
166819.0,35.0,32.0,1.0,2.0,2.0,181773.0,44.0,0.0,0.0
13546.0,7.0,7.0,0.0,0.0,0.0,2924.0,1.0,0.0,0.0
31121.0,7.0,6.0,1.0,0.0,0.0,18181.0,5.0,0.0,0.0
345936.0,85.0,78.0,2.0,5.0,4.0,23242.0,8.0,0.0,0.0
2170655.0,150.0,82.0,16.0,52.0,44.0,769083.0,138.0,0.0,0.0
7719237.0,1547.0,1311.0,199.0,37.0,13.0,1834786.0,538.0,1.0,1.0
155485.0,19.0,14.0,3.0,2.0,2.0,14633.0,8.0,0.0,0.0
69836.0,20.0,19.0,0.0,1.0,1.0,23146.0,7.0,0.0,0.0
463864.0,44.0,30.0,4.0,10.0,9.0,41550.0,15.0,0.0,0.0
966584.0,234.0,211.0,13.0,10.0,7.0,434157.0,209.0,0.0,0.0
267780.0,41.0,34.0,2.0,5.0,4.0,65241.0,12.0,0.0,0.0
841909.0,138.0,114.0,10.0,14.0,9.0,709013.0,163.0,1.0,1.0
4747685.0,2077.0,2029.0,46.0,2.0,0.0,3769759.0,2255.0,0.0,0.0
357136.0,52.0,41.0,7.0,4.0,4.0,22828.0,10.0,0.0,0.0
19522898.0,2812.0,2080.0,589.0,143.0,70.0,6718585.0,2128.0,1.0,1.0
495123.0,158.0,150.0,6.0,2.0,1.0,45278.0,29.0,0.0,0.0
1639397.0,418.0,365.0,51.0,2.0,0.0,539030.0,204.0,0.0,0.0
4503614.0,827.0,671.0,139.0,17.0,4.0,1001584.0,314.0,0.0,0.0
544882.0,168.0,156.0,11.0,1.0,0.0,101794.0,37.0,0.0,0.0
9229447.0,2886.0,2706.0,144.0,36.0,21.0,756055.0,556.0,1.0,0.0
1131213.0,424.0,409.0,14.0,1.0,0.0,271128.0,399.0,0.0,0.0
10493864.0,4481.0,4386.0,87.0,8.0,3.0,2166798.0,1264.0,0.0,0.0
19067488.0,8892.0,8803.0,86.0,3.0,1.0,1760133.0,1241.0,0.0,0.0
91869803.0,37534.0,36799.0,717.0,18.0,3.0,31202236.0,19994.0,1.0,0.0
50871.0,15.0,13.0,2.0,0.0,0.0,265.0,1.0,0.0,0.0
268617.0,41.0,30.0,10.0,1.0,0.0,63264.0,12.0,0.0,0.0
337513.0,48.0,35.0,11.0,2.0,1.0,50968.0,8.0,0.0,0.0
65348.0,20.0,19.0,1.0,0.0,0.0,0.0,0.0,0.0,0.0
83554.0,29.0,27.0,2.0,0.0,0.0,5519.0,4.0,0.0,0.0
1488610.0,465.0,438.0,27.0,0.0,0.0,888642.0,268.0,0.0,0.0
317953.0,59.0,51.0,5.0,3.0,1.0,4806.0,2.0,0.0,0.0
114748.0,27.0,23.0,4.0,0.0,0.0,3233.0,5.0,0.0,0.0
202290.0,36.0,28.0,7.0,1.0,0.0,62202.0,27.0,0.0,0.0
71758.0,17.0,15.0,2.0,0.0,0.0,3163.0,2.0,0.0,0.0
32637.0,24.0,24.0,0.0,0.0,0.0,0.0,0.0,0.0,0.0
317502.0,85.0,79.0,3.0,3.0,1.0,29830.0,9.0,0.0,0.0
333562.0,51.0,38.0,11.0,2.0,1.0,11469.0,4.0,0.0,0.0
507574.0,103.0,90.0,9.0,4.0,4.0,63612.0,24.0,0.0,0.0
121292.0,36.0,33.0,3.0,0.0,0.0,3636.0,2.0,0.0,0.0
75242.0,30.0,29.0,1.0,0.0,0.0,4527.0,4.0,0.0,0.0
1220186.0,280.0,254.0,19.0,7.0,4.0,80859.0,24.0,0.0,0.0
17028.0,7.0,6.0,1.0,0.0,0.0,0,0,0,0
108858.0,14.0,11.0,1.0,2.0,2.0,9622.0,3.0,0.0,0.0
3030002.0,1057.0,992.0,54.0,11.0,4.0,229091.0,81.0,0.0,0.0
12989.0,4.0,4.0,0.0,0.0,0.0,0.0,0.0,0.0,0.0
2170011.0,234.0,154.0,51.0,29.0,14.0,189110.0,64.0,0.0,0.0
97624.0,22.0,20.0,2.0,0.0,0.0,11727.0,3.0,0.0,0.0
12250.0,3.0,3.0,0.0,0.0,0.0,0,0,0,0
39146.0,13.0,12.0,1.0,0.0,0.0,0.0,0.0,0.0,0.0
853273.0,156.0,130.0,15.0,11.0,8.0,223411.0,44.0,0.0,0.0
60127.0,30.0,29.0,1.0,0.0,0.0,1602.0,1.0,0.0,0.0
117122.0,22.0,18.0,4.0,0.0,0.0,4024.0,2.0,0.0,0.0
384963.0,67.0,54.0,10.0,3.0,2.0,61950.0,12.0,0.0,0.0
164212.0,42.0,37.0,5.0,0.0,0.0,3803.0,3.0,0.0,0.0
25286.0,11.0,11.0,0.0,0.0,0.0,0.0,0.0,0.0,0.0
357648.0,52.0,40.0,9.0,3.0,1.0,14298.0,6.0,0.0,0.0
18274.0,9.0,8.0,1.0,0.0,0.0,0,0,0,0
36685.0,9.0,8.0,0.0,1.0,1.0,0.0,0.0,0.0,0.0
160976.0,34.0,28.0,5.0,1.0,1.0,11297.0,1.0,0.0,0.0
547999.0,79.0,61.0,12.0,6.0,3.0,1200.0,2.0,0.0,0.0
49689.0,12.0,11.0,1.0,0.0,0.0,2533.0,1.0,0.0,0.0
224012.0,75.0,69.0,6.0,0.0,0.0,40860.0,12.0,0.0,0.0
148792.0,35.0,31.0,4.0,0.0,0.0,920.0,1.0,0.0,0.0
71571.0,48.0,47.0,1.0,0.0,0.0,3478.0,2.0,0.0,0.0
169794.0,26.0,21.0,3.0,2.0,1.0,0.0,0.0,0.0,0.0
224954.0,72.0,67.0,5.0,0.0,0.0,267.0,1.0,0.0,0.0
2539285.0,425.0,337.0,71.0,17.0,11.0,944563.0,311.0,0.0,0.0
232795.0,70.0,64.0,5.0,1.0,0.0,1252.0,1.0,0.0,0.0
11705.0,3.0,2.0,1.0,0.0,0.0,0.0,0.0,0.0,0.0
171958.0,71.0,68.0,3.0,0.0,0.0,7261.0,6.0,0.0,0.0
169484.0,74.0,70.0,4.0,0.0,0.0,0.0,0.0,0.0,0.0
818231.0,298.0,285.0,9.0,4.0,3.0,13906.0,8.0,0.0,0.0
74209.0,17.0,15.0,2.0,0.0,0.0,0.0,0.0,0.0,0.0
19930.0,6.0,5.0,1.0,0.0,0.0,9118.0,4.0,0.0,0.0
381737.0,152.0,146.0,6.0,0.0,0.0,32219.0,12.0,0.0,0.0
54085.0,23.0,22.0,1.0,0.0,0.0,0.0,0.0,0.0,0.0
73445.0,15.0,12.0,3.0,0.0,0.0,530.0,1.0,0.0,0.0
61202.0,24.0,23.0,1.0,0.0,0.0,19529.0,5.0,0.0,0.0
173763.0,30.0,27.0,1.0,2.0,1.0,23815.0,6.0,0.0,0.0
426813.0,74.0,60.0,12.0,2.0,0.0,8190.0,9.0,0.0,0.0
1047108.0,186.0,147.0,34.0,5.0,2.0,57423.0,22.0,0.0,0.0
512748.0,59.0,43.0,8.0,8.0,5.0,57383.0,12.0,0.0,0.0
303581.0,33.0,22.0,8.0,3.0,1.0,8199.0,2.0,0.0,0.0
350016.0,62.0,48.0,12.0,2.0,1.0,26983.0,8.0,0.0,0.0
965465.0,120.0,82.0,30.0,8.0,1.0,238273.0,52.0,0.0,0.0
259802.0,70.0,65.0,3.0,2.0,2.0,8788.0,9.0,0.0,0.0
165044.0,57.0,55.0,2.0,0.0,0.0,8830.0,5.0,0.0,0.0
0.0,0.0,0.0,0.0,0.0,0.0,0,0,0,0
1430943.0,279.0,241.0,36.0,2.0,2.0,420868.0,92.0,1.0,0.0
337935.0,81.0,75.0,2.0,4.0,2.0,39386.0,16.0,0.0,0.0
52152.0,11.0,10.0,0.0,1.0,1.0,0.0,0.0,0.0,0.0
180214.0,37.0,31.0,6.0,0.0,0.0,9611.0,2.0,0.0,0.0
106791.0,54.0,54.0,0.0,0.0,0.0,0.0,0.0,0.0,0.0
156185.0,42.0,39.0,2.0,1.0,1.0,2033.0,3.0,0.0,0.0
50612.0,11.0,8.0,3.0,0.0,0.0,830.0,1.0,0.0,0.0
1192548.0,191.0,148.0,40.0,3.0,0.0,216670.0,64.0,0.0,0.0
91911.0,12.0,8.0,3.0,1.0,0.0,14469.0,2.0,0.0,0.0
224778.0,33.0,25.0,6.0,2.0,1.0,5389.0,3.0,0.0,0.0
926281.0,200.0,177.0,16.0,7.0,4.0,25394.0,13.0,0.0,0.0
277886.0,37.0,27.0,7.0,3.0,3.0,58101.0,18.0,0.0,0.0
15980402.0,3015.0,2485.0,484.0,46.0,16.0,7973702.0,2098.0,5.0,2.0
148337.0,39.0,38.0,0.0,1.0,1.0,28526.0,7.0,0.0,0.0
5589835.0,492.0,286.0,121.0,85.0,54.0,2904573.0,609.0,3.0,0.0
420864.0,113.0,103.0,10.0,0.0,0.0,20754.0,6.0,0.0,0.0
2500594.0,1245.0,1217.0,25.0,3.0,2.0,276036.0,118.0,0.0,0.0
89169.0,22.0,20.0,2.0,0.0,0.0,13484.0,5.0,0.0,0.0
1026195.0,465.0,454.0,9.0,2.0,1.0,60947.0,47.0,0.0,0.0
304470.0,61.0,52.0,8.0,1.0,1.0,27203.0,6.0,0.0,0.0
793547.0,271.0,256.0,14.0,1.0,1.0,173399.0,81.0,0.0,0.0
68029.0,9.0,6.0,3.0,0.0,0.0,0.0,0.0,0.0,0.0
59702.0,23.0,23.0,0.0,0.0,0.0,11454.0,6.0,0.0,0.0
455011.0,64.0,50.0,10.0,4.0,3.0,20729.0,5.0,0.0,0.0
221631.0,45.0,41.0,4.0,0.0,0.0,7824.0,4.0,0.0,0.0
416321.0,90.0,75.0,15.0,0.0,0.0,26808.0,15.0,0.0,0.0
2207355.0,815.0,789.0,25.0,1.0,0.0,494351.0,186.0,0.0,0.0
34333.0,4.0,2.0,2.0,0.0,0.0,0,0,0,0
328765.0,68.0,59.0,7.0,2.0,2.0,37614.0,19.0,0.0,0.0
65938.0,16.0,15.0,0.0,1.0,0.0,2925.0,2.0,0.0,0.0
51413.0,25.0,25.0,0.0,0.0,0.0,3026.0,2.0,0.0,0.0
818462.0,155.0,125.0,29.0,1.0,1.0,131401.0,49.0,0.0,0.0
31885.0,13.0,13.0,0.0,0.0,0.0,0.0,0.0,0.0,0.0
437340.0,51.0,39.0,3.0,9.0,9.0,343436.0,65.0,2.0,2.0
507018.0,121.0,105.0,15.0,1.0,1.0,64313.0,23.0,0.0,0.0
147829.0,31.0,24.0,7.0,0.0,0.0,7414.0,6.0,0.0,0.0
244250.0,59.0,53.0,6.0,0.0,0.0,16488.0,11.0,0.0,0.0
764189.0,121.0,93.0,27.0,1.0,0.0,436260.0,81.0,0.0,0.0
446252.0,75.0,62.0,7.0,6.0,5.0,25330.0,13.0,0.0,0.0
77494.0,48.0,47.0,1.0,0.0,0.0,14515.0,7.0,0.0,0.0
74140.0,11.0,9.0,1.0,1.0,1.0,0.0,0.0,0.0,0.0
86909.0,13.0,10.0,2.0,1.0,1.0,17801.0,6.0,0.0,0.0
400620.0,71.0,58.0,11.0,2.0,0.0,16180.0,5.0,0.0,0.0
129912.0,27.0,23.0,3.0,1.0,1.0,21349.0,8.0,0.0,0.0
115101.0,12.0,8.0,2.0,2.0,0.0,0.0,0.0,0.0,0.0
91525.0,9.0,5.0,4.0,0.0,0.0,5458.0,2.0,0.0,0.0
68206.0,22.0,20.0,2.0,0.0,0.0,8439.0,4.0,0.0,0.0
37600.0,10.0,9.0,1.0,0.0,0.0,6667.0,3.0,0.0,0.0
101064.0,42.0,40.0,2.0,0.0,0.0,6700.0,3.0,0.0,0.0
1072227.0,83.0,44.0,24.0,15.0,12.0,113356.0,20.0,1.0,0.0
18072950.0,2410.0,1755.0,571.0,84.0,29.0,7007229.0,2453.0,1.0,1.0
362777.0,259.0,258.0,0.0,1.0,0.0,76507.0,67.0,0.0,0.0
617010.0,154.0,141.0,13.0,0.0,0.0,12550.0,6.0,0.0,0.0
559939.0,127.0,113.0,10.0,4.0,3.0,25731.0,4.0,0.0,0.0
75652.0,11.0,9.0,1.0,1.0,0.0,22542.0,2.0,0.0,0.0
2708506.0,275.0,191.0,34.0,50.0,42.0,273857.0,47.0,0.0,0.0
402505.0,128.0,123.0,5.0,0.0,0.0,21528.0,3.0,0.0,0.0
110945.0,27.0,24.0,3.0,0.0,0.0,942.0,1.0,0.0,0.0
410988.0,77.0,66.0,10.0,1.0,1.0,48048.0,12.0,0.0,0.0
235165.0,41.0,33.0,7.0,1.0,1.0,47353.0,9.0,0.0,0.0
4154531.0,342.0,227.0,10.0,105.0,86.0,1081918.0,154.0,0.0,0.0
3116156.0,442.0,355.0,15.0,72.0,64.0,4394167.0,603.0,19.0,7.0
193444.0,98.0,97.0,1.0,0.0,0.0,18619.0,13.0,0.0,0.0
3548740.0,1287.0,1230.0,51.0,6.0,1.0,459709.0,175.0,0.0,0.0
330427.0,170.0,169.0,1.0,0.0,0.0,59011.0,29.0,0.0,0.0
4790666.0,1603.0,1507.0,91.0,5.0,1.0,1461010.0,679.0,0.0,0.0
2167092.0,904.0,871.0,32.0,1.0,0.0,469094.0,237.0,0.0,0.0
1153943.0,579.0,565.0,13.0,1.0,0.0,93398.0,51.0,0.0,0.0
1528737.0,692.0,674.0,17.0,1.0,1.0,135187.0,100.0,0.0,0.0
3434315.0,880.0,778.0,94.0,8.0,1.0,844856.0,307.0,1.0,0.0
136879.0,94.0,94.0,0.0,0.0,0.0,6693.0,7.0,0.0,0.0
4606434.0,1587.0,1496.0,80.0,11.0,4.0,714717.0,370.0,0.0,0.0
6247275.0,1068.0,880.0,119.0,69.0,45.0,628425.0,213.0,0.0,0.0
141438.0,68.0,65.0,3.0,0.0,0.0,11507.0,5.0,0.0,0.0
422249.0,146.0,136.0,10.0,0.0,0.0,46756.0,16.0,0.0,0.0
3894273.0,1264.0,1169.0,91.0,4.0,2.0,585232.0,240.0,0.0,0.0
1088466.0,422.0,401.0,17.0,4.0,2.0,102567.0,51.0,0.0,0.0
1162127.0,465.0,449.0,15.0,1.0,0.0,159149.0,90.0,0.0,0.0
4788840.0,1210.0,1083.0,99.0,28.0,7.0,976042.0,314.0,0.0,0.0
351393.0,163.0,161.0,2.0,0.0,0.0,51999.0,25.0,0.0,0.0
148055.0,93.0,92.0,1.0,0.0,0.0,32803.0,18.0,0.0,0.0
2464845.0,1319.0,1294.0,25.0,0.0,0.0,334342.0,222.0,0.0,0.0
15509894.0,4197.0,3833.0,285.0,79.0,45.0,4591340.0,1501.0,3.0,0.0
178787.0,76.0,73.0,3.0,0.0,0.0,20190.0,6.0,0.0,0.0
11125518.0,2435.0,2112.0,262.0,61.0,21.0,1809420.0,753.0,1.0,0.0
6500703.0,1672.0,1522.0,113.0,37.0,12.0,552417.0,253.0,0.0,0.0
455574.0,65.0,50.0,11.0,4.0,2.0,109439.0,15.0,0.0,0.0
336340.0,34.0,25.0,3.0,6.0,5.0,22798.0,6.0,0.0,0.0
190529.0,38.0,33.0,4.0,1.0,1.0,70315.0,11.0,0.0,0.0
348400.0,151.0,143.0,8.0,0.0,0.0,44536.0,24.0,0.0,0.0
320540.0,56.0,45.0,10.0,1.0,0.0,32150.0,10.0,0.0,0.0
39302.0,12.0,12.0,0.0,0.0,0.0,16757.0,6.0,0.0,0.0
96880.0,16.0,13.0,2.0,1.0,1.0,19960.0,4.0,0.0,0.0
442343.0,76.0,56.0,20.0,0.0,0.0,19613.0,13.0,0.0,0.0
864405.0,196.0,169.0,27.0,0.0,0.0,578082.0,143.0,1.0,0.0
2122476.0,294.0,212.0,74.0,8.0,1.0,788397.0,157.0,2.0,1.0
2721577.0,603.0,514.0,86.0,3.0,1.0,316315.0,95.0,0.0,0.0
890731.0,205.0,179.0,24.0,2.0,0.0,75045.0,35.0,0.0,0.0
811778.0,248.0,232.0,14.0,2.0,1.0,30339.0,16.0,0.0,0.0
5396209.0,428.0,204.0,162.0,62.0,25.0,972631.0,169.0,1.0,0.0
415191.0,152.0,144.0,8.0,0.0,0.0,27088.0,17.0,0.0,0.0
37492.0,7.0,5.0,2.0,0.0,0.0,11152.0,3.0,0.0,0.0
400761.0,31.0,18.0,3.0,10.0,10.0,38301.0,10.0,0.0,0.0
212160.0,29.0,23.0,2.0,4.0,2.0,82240.0,28.0,0.0,0.0
840669.0,67.0,43.0,4.0,20.0,18.0,225969.0,34.0,3.0,2.0
282321.0,40.0,28.0,11.0,1.0,1.0,24455.0,6.0,0.0,0.0
19585.0,6.0,6.0,0.0,0.0,0.0,10963.0,4.0,0.0,0.0
26273.0,2.0,1.0,1.0,0.0,0.0,0.0,0.0,0.0,0.0
274183.0,28.0,21.0,1.0,6.0,4.0,49390.0,9.0,0.0,0.0
366552.0,19.0,8.0,2.0,9.0,5.0,43107.0,12.0,0.0,0.0
85939.0,24.0,21.0,3.0,0.0,0.0,25916.0,11.0,0.0,0.0
2606.0,2.0,2.0,0.0,0.0,0.0,0.0,0.0,0.0,0.0
287340.0,32.0,22.0,6.0,4.0,0.0,2986.0,1.0,0.0,0.0
181414.0,24.0,18.0,3.0,3.0,0.0,57323.0,14.0,0.0,0.0
47104.0,10.0,9.0,1.0,0.0,0.0,8280.0,2.0,0.0,0.0
35696.0,9.0,8.0,1.0,0.0,0.0,0,0,0,0
1195133.0,113.0,76.0,16.0,21.0,8.0,444996.0,96.0,0.0,0.0
173120.0,24.0,19.0,4.0,1.0,1.0,942.0,1.0,0.0,0.0
549176.0,256.0,253.0,1.0,2.0,2.0,23164.0,15.0,0.0,0.0
2191.0,1.0,1.0,0.0,0.0,0.0,0,0,0,0
313134.0,28.0,18.0,3.0,7.0,3.0,42408.0,8.0,0.0,0.0
3752751.0,369.0,240.0,78.0,51.0,24.0,640257.0,116.0,0.0,0.0
92860.0,17.0,15.0,1.0,1.0,1.0,2542.0,2.0,0.0,0.0
109959.0,20.0,16.0,4.0,0.0,0.0,611.0,1.0,0.0,0.0
111824.0,16.0,12.0,3.0,1.0,1.0,0.0,0.0,0.0,0.0
39586.0,7.0,5.0,2.0,0.0,0.0,1908.0,1.0,0.0,0.0
289328.0,61.0,53.0,6.0,2.0,1.0,71512.0,20.0,0.0,0.0
64687.0,10.0,8.0,2.0,0.0,0.0,0.0,0.0,0.0,0.0
204481.0,33.0,27.0,3.0,3.0,2.0,35435.0,11.0,0.0,0.0
101049.0,11.0,7.0,3.0,1.0,1.0,0.0,0.0,0.0,0.0
92741.0,31.0,30.0,0.0,1.0,1.0,51430.0,12.0,0.0,0.0
6483.0,7.0,7.0,0.0,0.0,0.0,0.0,0.0,0.0,0.0
234087.0,33.0,27.0,3.0,3.0,1.0,11868.0,4.0,0.0,0.0
93512.0,12.0,8.0,3.0,1.0,0.0,0,0,0,0
557547.0,151.0,140.0,9.0,2.0,1.0,41181.0,15.0,0.0,0.0
37645.0,17.0,17.0,0.0,0.0,0.0,0,0,0,0
2067041.0,506.0,456.0,37.0,13.0,4.0,480844.0,195.0,0.0,0.0
95406.0,12.0,10.0,1.0,1.0,1.0,1112.0,1.0,0.0,0.0
89646.0,14.0,12.0,0.0,2.0,0.0,3432.0,2.0,0.0,0.0
155636.0,40.0,37.0,2.0,1.0,0.0,52687.0,16.0,0.0,0.0
36111.0,5.0,4.0,0.0,1.0,0.0,0.0,0.0,0.0,0.0
41771.0,14.0,13.0,1.0,0.0,0.0,3422.0,2.0,0.0,0.0
6965.0,4.0,4.0,0.0,0.0,0.0,0.0,0.0,0.0,0.0
111620.0,40.0,38.0,1.0,1.0,0.0,723.0,3.0,0.0,0.0
57130.0,10.0,7.0,3.0,0.0,0.0,5686.0,2.0,0.0,0.0
16863.0,12.0,12.0,0.0,0.0,0.0,5976.0,2.0,0.0,0.0
103038.0,25.0,20.0,5.0,0.0,0.0,1536.0,1.0,0.0,0.0
39370.0,11.0,10.0,0.0,1.0,0.0,0.0,0.0,0.0,0.0
237437.0,48.0,39.0,9.0,0.0,0.0,3384.0,2.0,0.0,0.0
51146.0,4.0,2.0,1.0,1.0,1.0,0.0,0.0,0.0,0.0
96108.0,7.0,2.0,5.0,0.0,0.0,0,0,0,0
390118.0,37.0,24.0,8.0,5.0,2.0,6063.0,3.0,0.0,0.0
15034.0,5.0,4.0,1.0,0.0,0.0,0.0,0.0,0.0,0.0
71992.0,6.0,3.0,2.0,1.0,1.0,0,0,0,0
529211.0,55.0,33.0,18.0,4.0,2.0,10218.0,8.0,0.0,0.0
220611.0,48.0,42.0,6.0,0.0,0.0,52074.0,21.0,0.0,0.0
12257.0,7.0,7.0,0.0,0.0,0.0,0.0,0.0,0.0,0.0
1645412.0,111.0,51.0,27.0,33.0,16.0,68658.0,16.0,0.0,0.0
995629.0,101.0,61.0,27.0,13.0,5.0,57190.0,17.0,0.0,0.0
2868082.0,430.0,320.0,91.0,19.0,7.0,242864.0,94.0,0.0,0.0
2460863.0,350.0,260.0,71.0,19.0,5.0,408556.0,133.0,0.0,0.0
3101352.0,317.0,198.0,77.0,42.0,13.0,160733.0,63.0,0.0,0.0
820206.0,260.0,235.0,21.0,4.0,1.0,75022.0,48.0,0.0,0.0
293404.0,63.0,57.0,2.0,4.0,1.0,12820.0,7.0,0.0,0.0
452560.0,75.0,59.0,14.0,2.0,1.0,94569.0,24.0,0.0,0.0
420491.0,61.0,46.0,11.0,4.0,2.0,65236.0,14.0,0.0,0.0
302249.0,96.0,90.0,6.0,0.0,0.0,50579.0,53.0,0.0,0.0
85648.0,36.0,33.0,3.0,0.0,0.0,5484.0,7.0,0.0,0.0
1599775.0,212.0,154.0,44.0,14.0,2.0,105882.0,33.0,0.0,0.0
124613.0,21.0,15.0,6.0,0.0,0.0,3606.0,4.0,0.0,0.0
483388.0,48.0,36.0,2.0,10.0,8.0,30530.0,8.0,0.0,0.0
120147.0,36.0,33.0,3.0,0.0,0.0,19529.0,15.0,0.0,0.0
1255345.0,283.0,253.0,28.0,2.0,0.0,185144.0,70.0,0.0,0.0
58332.0,18.0,16.0,2.0,0.0,0.0,38652.0,23.0,0.0,0.0
3531046.0,551.0,420.0,113.0,18.0,7.0,913765.0,276.0,0.0,0.0
2981728.0,333.0,221.0,78.0,34.0,18.0,222692.0,88.0,0.0,0.0
17548347.0,2355.0,1627.0,646.0,82.0,25.0,10629181.0,2758.0,3.0,0.0
708302.0,100.0,79.0,11.0,10.0,2.0,49449.0,25.0,0.0,0.0
171669.0,28.0,22.0,4.0,2.0,1.0,6789.0,3.0,0.0,0.0
1603690.0,268.0,199.0,63.0,6.0,4.0,382760.0,152.0,0.0,0.0
174669.0,45.0,40.0,4.0,1.0,0.0,8315.0,3.0,0.0,0.0
489366.0,132.0,125.0,7.0,0.0,0.0,104385.0,23.0,0.0,0.0
5410552.0,761.0,552.0,185.0,24.0,8.0,673963.0,178.0,0.0,0.0
9131346.0,1530.0,1206.0,303.0,21.0,3.0,2797749.0,828.0,2.0,0.0
1935645.0,261.0,188.0,55.0,18.0,7.0,86647.0,35.0,0.0,0.0
4066214.0,254.0,104.0,71.0,79.0,51.0,124528.0,31.0,0.0,0.0
4938708.0,622.0,437.0,140.0,45.0,15.0,1046078.0,312.0,1.0,0.0
2689012.0,315.0,216.0,72.0,27.0,11.0,174097.0,51.0,0.0,0.0
918436.0,191.0,157.0,33.0,1.0,0.0,82867.0,38.0,0.0,0.0
1345105.0,127.0,75.0,33.0,19.0,9.0,139470.0,33.0,0.0,0.0
12868.0,7.0,7.0,0.0,0.0,0.0,43720.0,22.0,0.0,0.0
277197.0,52.0,42.0,8.0,2.0,0.0,24792.0,6.0,0.0,0.0
1631027.0,157.0,98.0,39.0,20.0,4.0,24426.0,7.0,0.0,0.0
90267.0,19.0,17.0,1.0,1.0,0.0,0.0,0.0,0.0,0.0
5402.0,4.0,4.0,0.0,0.0,0.0,29240.0,4.0,0.0,0.0
364990.0,72.0,59.0,11.0,2.0,1.0,65122.0,24.0,0.0,0.0
93931.0,23.0,20.0,3.0,0.0,0.0,10808.0,3.0,0.0,0.0
508113.0,56.0,38.0,8.0,10.0,1.0,34042.0,2.0,1.0,1.0
14190473.0,855.0,296.0,311.0,248.0,101.0,491423.0,116.0,0.0,0.0
2675143.0,267.0,169.0,57.0,41.0,16.0,289862.0,100.0,0.0,0.0
68649.0,7.0,3.0,4.0,0.0,0.0,4609.0,2.0,0.0,0.0
112966.0,25.0,21.0,4.0,0.0,0.0,10241.0,5.0,0.0,0.0
135849.0,24.0,21.0,3.0,0.0,0.0,10191.0,6.0,0.0,0.0
856006.0,131.0,92.0,38.0,1.0,0.0,139236.0,50.0,0.0,0.0
135918.0,19.0,14.0,5.0,0.0,0.0,1103.0,1.0,0.0,0.0
1821590.0,155.0,71.0,67.0,17.0,3.0,199434.0,45.0,0.0,0.0
287716.0,60.0,50.0,9.0,1.0,0.0,84461.0,21.0,0.0,0.0
56318.0,22.0,22.0,0.0,0.0,0.0,1034.0,1.0,0.0,0.0
155613.0,26.0,20.0,5.0,1.0,0.0,23828.0,9.0,0.0,0.0
164669.0,36.0,30.0,6.0,0.0,0.0,25830.0,7.0,0.0,0.0
329214.0,44.0,32.0,9.0,3.0,1.0,23733.0,7.0,0.0,0.0
85424.0,19.0,18.0,1.0,0.0,0.0,3951.0,3.0,0.0,0.0
298734.0,50.0,40.0,8.0,2.0,0.0,18953.0,10.0,0.0,0.0
856381.0,97.0,64.0,26.0,7.0,2.0,30481.0,10.0,0.0,0.0
458993.0,82.0,62.0,19.0,1.0,0.0,48027.0,16.0,0.0,0.0
119244.0,20.0,16.0,3.0,1.0,0.0,14182.0,9.0,0.0,0.0
107186.0,37.0,34.0,3.0,0.0,0.0,8326.0,10.0,0.0,0.0
56164.0,16.0,14.0,2.0,0.0,0.0,10662.0,6.0,0.0,0.0
1391459.0,247.0,199.0,45.0,3.0,1.0,293162.0,123.0,0.0,0.0
36704.0,13.0,12.0,1.0,0.0,0.0,393.0,1.0,0.0,0.0
739015.0,72.0,38.0,27.0,7.0,3.0,57297.0,11.0,0.0,0.0
1059865.0,144.0,98.0,40.0,6.0,1.0,133722.0,31.0,0.0,0.0
61576.0,19.0,18.0,1.0,0.0,0.0,2154.0,2.0,0.0,0.0
267571.0,32.0,22.0,7.0,3.0,1.0,14734.0,3.0,0.0,0.0
136404.0,25.0,18.0,7.0,0.0,0.0,9327.0,3.0,0.0,0.0
580002.0,87.0,64.0,22.0,1.0,0.0,102125.0,23.0,0.0,0.0
333064.0,78.0,68.0,9.0,1.0,0.0,34779.0,15.0,0.0,0.0
29423367.0,4443.0,3328.0,1023.0,92.0,27.0,18160737.0,3804.0,4.0,1.0
418254.0,98.0,86.0,10.0,2.0,2.0,41087.0,19.0,0.0,0.0
4955281.0,653.0,464.0,159.0,30.0,12.0,787149.0,188.0,2.0,0.0
336498.0,92.0,85.0,6.0,1.0,0.0,16068.0,7.0,0.0,0.0
277904.0,89.0,84.0,3.0,2.0,2.0,12044.0,7.0,0.0,0.0
528194.0,91.0,71.0,18.0,2.0,1.0,30953.0,7.0,0.0,0.0
3099287.0,342.0,217.0,99.0,26.0,12.0,465887.0,108.0,0.0,0.0
399410.0,75.0,58.0,15.0,2.0,1.0,151712.0,43.0,1.0,1.0
76465.0,10.0,8.0,1.0,1.0,1.0,1900.0,1.0,0.0,0.0
1128506.0,116.0,75.0,22.0,19.0,6.0,118594.0,26.0,0.0,0.0
1104588.0,175.0,132.0,39.0,4.0,0.0,107082.0,30.0,0.0,0.0
7900744.0,856.0,543.0,237.0,76.0,15.0,540922.0,135.0,1.0,0.0
717681.0,120.0,98.0,18.0,4.0,1.0,198122.0,58.0,0.0,0.0
335941.0,71.0,56.0,15.0,0.0,0.0,26005.0,9.0,0.0,0.0
409695.0,51.0,33.0,16.0,2.0,1.0,984.0,1.0,0.0,0.0
121968.0,17.0,12.0,5.0,0.0,0.0,2367.0,2.0,0.0,0.0
7871900.0,646.0,367.0,152.0,127.0,61.0,860125.0,141.0,0.0,0.0
604144.0,140.0,124.0,14.0,2.0,2.0,62171.0,29.0,0.0,0.0
1450726.0,227.0,174.0,44.0,9.0,3.0,285934.0,83.0,0.0,0.0
533558.0,208.0,201.0,7.0,0.0,0.0,36238.0,22.0,0.0,0.0
312571.0,68.0,57.0,11.0,0.0,0.0,58744.0,24.0,0.0,0.0
143426.0,55.0,53.0,1.0,1.0,0.0,60600.0,26.0,0.0,0.0
383833.0,31.0,17.0,7.0,7.0,1.0,10670.0,3.0,0.0,0.0
539123.0,158.0,144.0,13.0,1.0,0.0,73247.0,27.0,0.0,0.0
8186118.0,1031.0,725.0,235.0,71.0,31.0,1900943.0,370.0,5.0,1.0
128206.0,17.0,10.0,6.0,1.0,1.0,1148.0,1.0,0.0,0.0
74901.0,18.0,15.0,3.0,0.0,0.0,259.0,1.0,0.0,0.0
551734.0,94.0,77.0,15.0,2.0,1.0,28413.0,17.0,0.0,0.0
222448.0,32.0,21.0,11.0,0.0,0.0,28739.0,8.0,0.0,0.0
436401.0,62.0,47.0,12.0,3.0,1.0,92938.0,20.0,0.0,0.0
264245.0,37.0,28.0,7.0,2.0,0.0,1110.0,1.0,0.0,0.0
1518062.0,157.0,99.0,39.0,19.0,8.0,54488.0,17.0,0.0,0.0
1088383.0,218.0,186.0,20.0,12.0,5.0,73794.0,41.0,0.0,0.0
4613061.0,548.0,402.0,85.0,61.0,37.0,217854.0,42.0,0.0,0.0
1080400.0,205.0,175.0,18.0,12.0,6.0,36272.0,15.0,0.0,0.0
12457847.0,1187.0,755.0,215.0,217.0,100.0,1470573.0,303.0,1.0,0.0
64458.0,25.0,23.0,2.0,0.0,0.0,2196.0,2.0,0.0,0.0
12389144.0,1120.0,682.0,243.0,195.0,101.0,1388232.0,268.0,0.0,0.0
199234.0,48.0,42.0,5.0,1.0,0.0,10188.0,5.0,0.0,0.0
144402.0,31.0,26.0,5.0,0.0,0.0,31087.0,12.0,0.0,0.0
3218339.0,488.0,388.0,59.0,41.0,23.0,246159.0,71.0,0.0,0.0
175723.0,39.0,35.0,3.0,1.0,0.0,3478.0,3.0,0.0,0.0
1561434.0,175.0,123.0,30.0,22.0,9.0,78534.0,20.0,0.0,0.0
376390.0,72.0,58.0,13.0,1.0,1.0,42328.0,16.0,0.0,0.0
2405660.0,231.0,147.0,39.0,45.0,25.0,109375.0,24.0,0.0,0.0
6658279.0,1224.0,984.0,221.0,19.0,7.0,1161974.0,455.0,0.0,0.0
51723644.0,5749.0,3744.0,1453.0,552.0,187.0,6666268.0,1398.0,4.0,0.0
535063.0,157.0,143.0,14.0,0.0,0.0,96625.0,68.0,0.0,0.0
308400513.0,22429.0,9930.0,7975.0,4524.0,1671.0,73901696.0,12557.0,118.0,29.0
4981455.0,421.0,235.0,110.0,76.0,40.0,498267.0,101.0,1.0,0.0
2143064.0,383.0,299.0,81.0,3.0,1.0,368210.0,158.0,0.0,0.0
4871198.0,1091.0,974.0,108.0,9.0,3.0,1616162.0,487.0,0.0,0.0
1127166.0,232.0,194.0,34.0,4.0,1.0,132284.0,43.0,0.0,0.0
1272616.0,323.0,285.0,37.0,1.0,0.0,136896.0,71.0,0.0,0.0
32765554.0,3941.0,2513.0,1246.0,182.0,52.0,2953369.0,906.0,2.0,1.0
182742967.0,14911.0,7893.0,4282.0,2736.0,1139.0,26875232.0,4856.0,20.0,4.0
1274337.0,302.0,267.0,33.0,2.0,1.0,305650.0,92.0,0.0,0.0
4000601.0,543.0,409.0,94.0,40.0,17.0,454722.0,100.0,2.0,2.0
262100.0,61.0,54.0,7.0,0.0,0.0,13005.0,8.0,0.0,0.0
4469049.0,1027.0,875.0,147.0,5.0,1.0,1102206.0,405.0,0.0,0.0
5140899.0,937.0,759.0,161.0,17.0,5.0,422145.0,159.0,0.0,0.0
529443.0,164.0,152.0,12.0,0.0,0.0,106103.0,25.0,0.0,0.0
29645964.0,3744.0,2582.0,945.0,217.0,64.0,4961236.0,1294.0,4.0,1.0
8687136.0,1421.0,1108.0,260.0,53.0,17.0,1486577.0,405.0,1.0,0.0
446551.0,119.0,108.0,7.0,4.0,1.0,49177.0,27.0,0.0,0.0
155460.0,62.0,61.0,1.0,0.0,0.0,26057.0,14.0,0.0,0.0
674528.0,85.0,58.0,23.0,4.0,1.0,70424.0,19.0,0.0,0.0
1941734.0,348.0,275.0,68.0,5.0,0.0,423369.0,120.0,1.0,0.0
1094264.0,149.0,104.0,44.0,1.0,0.0,39480.0,18.0,0.0,0.0
467558.0,109.0,98.0,11.0,0.0,0.0,143344.0,40.0,1.0,0.0
102512.0,27.0,25.0,1.0,1.0,1.0,34343.0,11.0,0.0,0.0
369241.0,131.0,122.0,8.0,1.0,1.0,158457.0,79.0,0.0,0.0
460535.0,99.0,82.0,17.0,0.0,0.0,82273.0,23.0,0.0,0.0
259871.0,44.0,38.0,5.0,1.0,1.0,480192.0,139.0,0.0,0.0
0.0,0.0,0.0,0.0,0.0,0.0,0,0,0,0
1301379.0,299.0,270.0,28.0,1.0,0.0,347678.0,119.0,0.0,0.0
232116.0,65.0,59.0,6.0,0.0,0.0,24436.0,21.0,0.0,0.0
651433.0,108.0,79.0,28.0,1.0,0.0,44609.0,13.0,0.0,0.0
56519.0,22.0,21.0,1.0,0.0,0.0,9827.0,6.0,0.0,0.0
856616.0,408.0,397.0,11.0,0.0,0.0,486939.0,254.0,1.0,0.0
1372023.0,511.0,490.0,19.0,2.0,1.0,394516.0,164.0,0.0,0.0
1060559.0,323.0,295.0,26.0,2.0,1.0,159272.0,76.0,0.0,0.0
154843.0,62.0,59.0,3.0,0.0,0.0,57123.0,42.0,0.0,0.0
216259.0,93.0,92.0,0.0,1.0,1.0,48256.0,16.0,0.0,0.0
952660.0,316.0,295.0,19.0,2.0,1.0,134305.0,89.0,0.0,0.0
138481.0,56.0,55.0,0.0,1.0,1.0,35224.0,19.0,0.0,0.0
7081021.0,1378.0,1132.0,233.0,13.0,1.0,1694402.0,537.0,1.0,0.0
5091287.0,1890.0,1813.0,65.0,12.0,10.0,1165522.0,588.0,1.0,0.0
324304.0,85.0,77.0,7.0,1.0,1.0,40396.0,19.0,0.0,0.0
288632.0,65.0,60.0,2.0,3.0,3.0,26405.0,13.0,0.0,0.0
2441617.0,596.0,530.0,51.0,15.0,9.0,1338506.0,571.0,0.0,0.0
312944.0,98.0,94.0,4.0,0.0,0.0,28664.0,14.0,0.0,0.0
77447.0,27.0,27.0,0.0,0.0,0.0,18672.0,6.0,0.0,0.0
565855.0,148.0,126.0,21.0,1.0,1.0,366265.0,162.0,0.0,0.0
190629.0,70.0,66.0,4.0,0.0,0.0,62210.0,26.0,0.0,0.0
57972.0,31.0,31.0,0.0,0.0,0.0,27994.0,11.0,0.0,0.0
284088.0,81.0,77.0,1.0,3.0,3.0,22351.0,13.0,0.0,0.0
93805.0,31.0,30.0,0.0,1.0,1.0,36337.0,24.0,0.0,0.0
22749.0,9.0,8.0,1.0,0.0,0.0,1112.0,1.0,0.0,0.0
273248.0,126.0,122.0,4.0,0.0,0.0,297508.0,100.0,0.0,0.0
665118.0,224.0,214.0,8.0,2.0,1.0,256658.0,80.0,0.0,0.0
2208014.0,678.0,629.0,37.0,12.0,4.0,238095.0,143.0,0.0,0.0
329047.0,97.0,89.0,8.0,0.0,0.0,31058.0,19.0,0.0,0.0
237540.0,63.0,53.0,10.0,0.0,0.0,27810.0,12.0,0.0,0.0
63720.0,14.0,12.0,1.0,1.0,1.0,11203.0,3.0,0.0,0.0
0.0,0.0,0.0,0.0,0.0,0.0,0,0,0,0
1006.0,2.0,2.0,0.0,0.0,0.0,13086.0,8.0,0.0,0.0
101691.0,48.0,46.0,2.0,0.0,0.0,14419.0,10.0,0.0,0.0
4948543.0,1256.0,1113.0,118.0,25.0,12.0,1436830.0,632.0,0.0,0.0
566823.0,127.0,108.0,17.0,2.0,1.0,126178.0,35.0,1.0,0.0
10749739.0,2476.0,2123.0,268.0,85.0,41.0,5523372.0,2575.0,4.0,1.0
230758.0,62.0,55.0,6.0,1.0,1.0,41104.0,15.0,0.0,0.0
979113.0,282.0,259.0,20.0,3.0,1.0,427807.0,157.0,0.0,0.0
999053.0,324.0,303.0,20.0,1.0,0.0,202723.0,106.0,0.0,0.0
6704918.0,1055.0,839.0,134.0,82.0,39.0,3126462.0,760.0,2.0,0.0
165523.0,48.0,44.0,3.0,1.0,0.0,39248.0,6.0,0.0,0.0
560146.0,116.0,95.0,20.0,1.0,0.0,95949.0,37.0,0.0,0.0
291161.0,104.0,99.0,5.0,0.0,0.0,95107.0,39.0,0.0,0.0
1243265.0,312.0,273.0,31.0,8.0,3.0,183374.0,68.0,0.0,0.0
260564.0,99.0,92.0,6.0,1.0,1.0,58493.0,33.0,0.0,0.0
675976.0,275.0,262.0,12.0,1.0,0.0,99576.0,53.0,0.0,0.0
81174.0,42.0,42.0,0.0,0.0,0.0,36572.0,9.0,0.0,0.0
1807044.0,310.0,253.0,41.0,16.0,6.0,527970.0,151.0,0.0,0.0
372622.0,85.0,75.0,9.0,1.0,1.0,25123.0,8.0,0.0,0.0
161722.0,54.0,50.0,3.0,1.0,1.0,11295.0,7.0,0.0,0.0
2542816.0,685.0,607.0,71.0,7.0,2.0,1708611.0,680.0,0.0,0.0
145284.0,48.0,46.0,0.0,2.0,1.0,33122.0,13.0,0.0,0.0
289097.0,77.0,70.0,6.0,1.0,1.0,75157.0,16.0,0.0,0.0
458412.0,157.0,148.0,9.0,0.0,0.0,313763.0,98.0,0.0,0.0
162349.0,61.0,59.0,2.0,0.0,0.0,15520.0,11.0,0.0,0.0
172019.0,64.0,61.0,2.0,1.0,1.0,37474.0,13.0,0.0,0.0
203975.0,86.0,81.0,5.0,0.0,0.0,114475.0,35.0,0.0,0.0
1869411.0,275.0,210.0,44.0,21.0,12.0,305066.0,74.0,1.0,0.0
30942.0,18.0,18.0,0.0,0.0,0.0,22839.0,2.0,0.0,0.0
1426698.0,595.0,566.0,26.0,3.0,0.0,967123.0,670.0,0.0,0.0
61912.0,29.0,27.0,2.0,0.0,0.0,8813.0,6.0,0.0,0.0
17960522.0,4606.0,4048.0,462.0,96.0,26.0,7953758.0,3015.0,4.0,2.0
1818913.0,493.0,446.0,36.0,11.0,6.0,232561.0,105.0,0.0,0.0
93566.0,59.0,58.0,1.0,0.0,0.0,5788.0,8.0,0.0,0.0
0.0,0.0,0.0,0.0,0.0,0.0,0,0,0,0
208398.0,80.0,77.0,3.0,0.0,0.0,83101.0,30.0,0.0,0.0
443953.0,163.0,156.0,7.0,0.0,0.0,143124.0,41.0,0.0,0.0
150755.0,66.0,65.0,1.0,0.0,0.0,56544.0,24.0,0.0,0.0
6618965.0,1452.0,1252.0,161.0,39.0,17.0,3383110.0,1491.0,2.0,0.0
340566.0,118.0,112.0,5.0,1.0,0.0,589446.0,117.0,0.0,0.0
125163.0,38.0,36.0,1.0,1.0,1.0,9220.0,6.0,0.0,0.0
124681.0,46.0,44.0,0.0,2.0,2.0,8798.0,5.0,0.0,0.0
21043.0,10.0,10.0,0.0,0.0,0.0,2764.0,2.0,0.0,0.0
2940941.0,1000.0,942.0,49.0,9.0,5.0,633696.0,312.0,0.0,0.0
961285.0,288.0,272.0,12.0,4.0,3.0,73185.0,29.0,0.0,0.0
51644.0,23.0,23.0,0.0,0.0,0.0,4362.0,2.0,0.0,0.0
1510025.0,459.0,427.0,27.0,5.0,1.0,503994.0,226.0,0.0,0.0
115075.0,48.0,46.0,2.0,0.0,0.0,6233.0,3.0,0.0,0.0
342003.0,152.0,147.0,3.0,2.0,2.0,30800.0,18.0,0.0,0.0
555627.0,241.0,233.0,7.0,1.0,1.0,57715.0,40.0,0.0,0.0
0.0,0.0,0.0,0.0,0.0,0.0,0,0,0,0
608242.0,241.0,232.0,7.0,2.0,1.0,92868.0,40.0,0.0,0.0
2011214.0,579.0,531.0,39.0,9.0,1.0,640991.0,255.0,0.0,0.0
749823.0,205.0,185.0,19.0,1.0,1.0,140832.0,71.0,0.0,0.0
3136534.0,1086.0,1029.0,51.0,6.0,2.0,642103.0,323.0,0.0,0.0
1367433.0,519.0,493.0,25.0,1.0,1.0,212658.0,81.0,0.0,0.0
178719.0,75.0,72.0,3.0,0.0,0.0,15619.0,10.0,0.0,0.0
6253928.0,1399.0,1212.0,153.0,34.0,9.0,997093.0,393.0,1.0,0.0
432684.0,161.0,153.0,8.0,0.0,0.0,34897.0,14.0,0.0,0.0
228825.0,72.0,67.0,5.0,0.0,0.0,9520.0,7.0,0.0,0.0
8313818.0,1173.0,870.0,212.0,91.0,28.0,1425728.0,427.0,0.0,0.0
305297.0,90.0,84.0,6.0,0.0,0.0,27854.0,18.0,0.0,0.0
963828.0,349.0,332.0,13.0,4.0,2.0,134065.0,66.0,0.0,0.0
392430.0,142.0,138.0,4.0,0.0,0.0,83247.0,38.0,0.0,0.0
2084061.0,764.0,736.0,24.0,4.0,4.0,214022.0,110.0,0.0,0.0
393242.0,85.0,75.0,9.0,1.0,0.0,14715.0,4.0,0.0,0.0
416128.0,108.0,103.0,4.0,1.0,0.0,14824.0,12.0,0.0,0.0
152723.0,47.0,44.0,3.0,0.0,0.0,1113.0,1.0,0.0,0.0
21395.0,13.0,13.0,0.0,0.0,0.0,0.0,0.0,0.0,0.0
10071.0,5.0,5.0,0.0,0.0,0.0,0,0,0,0
59875.0,32.0,32.0,0.0,0.0,0.0,0.0,0.0,0.0,0.0
1496035.0,345.0,315.0,30.0,0.0,0.0,18298.0,9.0,0.0,0.0
794586.0,175.0,152.0,20.0,3.0,1.0,81712.0,29.0,0.0,0.0
81207.0,30.0,30.0,0.0,0.0,0.0,188925.0,58.0,0.0,0.0
40167.0,13.0,13.0,0.0,0.0,0.0,334280.0,90.0,0.0,0.0
437649.0,141.0,133.0,8.0,0.0,0.0,253621.0,80.0,0.0,0.0
304283.0,82.0,73.0,9.0,0.0,0.0,376484.0,97.0,0.0,0.0
439089.0,73.0,58.0,12.0,3.0,1.0,50297.0,20.0,0.0,0.0
5044368.0,930.0,758.0,165.0,7.0,3.0,1768950.0,443.0,0.0,0.0
1183752.0,53.0,18.0,2.0,33.0,32.0,2249606.0,389.0,1.0,1.0
198908.0,96.0,95.0,1.0,0.0,0.0,429421.0,225.0,0.0,0.0
1915651.0,191.0,126.0,37.0,28.0,22.0,1130277.0,325.0,0.0,0.0
57130.0,20.0,20.0,0.0,0.0,0.0,46243.0,14.0,0.0,0.0
95460.0,13.0,10.0,2.0,1.0,1.0,14756.0,2.0,0.0,0.0
68204.0,9.0,8.0,0.0,1.0,1.0,1816.0,2.0,0.0,0.0
26504.0,6.0,5.0,1.0,0.0,0.0,6742.0,1.0,0.0,0.0
1836.0,2.0,2.0,0.0,0.0,0.0,198450.0,32.0,0.0,0.0
52067.0,15.0,14.0,1.0,0.0,0.0,18312.0,7.0,0.0,0.0
988637.0,169.0,143.0,14.0,12.0,11.0,943904.0,244.0,1.0,0.0
15037.0,6.0,6.0,0.0,0.0,0.0,13093.0,3.0,0.0,0.0
308209.0,40.0,29.0,7.0,4.0,4.0,62100.0,14.0,0.0,0.0
143415.0,15.0,11.0,1.0,3.0,3.0,0.0,0.0,0.0,0.0
140894.0,22.0,18.0,2.0,2.0,1.0,31123.0,15.0,0.0,0.0
95215.0,12.0,9.0,2.0,1.0,1.0,73158.0,7.0,2.0,0.0
1951647.0,273.0,220.0,30.0,23.0,14.0,898663.0,296.0,0.0,0.0
87994.0,15.0,13.0,2.0,0.0,0.0,1470.0,1.0,0.0,0.0
385341.0,94.0,82.0,11.0,1.0,1.0,74456.0,24.0,0.0,0.0
1585143.0,94.0,39.0,21.0,34.0,20.0,224127.0,39.0,0.0,0.0
32750.0,10.0,9.0,1.0,0.0,0.0,2976.0,1.0,0.0,0.0
39747.0,6.0,4.0,2.0,0.0,0.0,5578.0,2.0,0.0,0.0
43647.0,7.0,5.0,2.0,0.0,0.0,0,0,0,0
171530.0,24.0,18.0,5.0,1.0,1.0,0.0,0.0,0.0,0.0
66112.0,9.0,7.0,1.0,1.0,1.0,0.0,0.0,0.0,0.0
458279.0,55.0,40.0,12.0,3.0,2.0,139788.0,32.0,0.0,0.0
316228.0,33.0,22.0,8.0,3.0,3.0,3078.0,2.0,0.0,0.0
137161.0,55.0,53.0,2.0,0.0,0.0,8779.0,5.0,0.0,0.0
517716.0,112.0,94.0,17.0,1.0,0.0,220804.0,55.0,0.0,0.0
4972.0,5.0,5.0,0.0,0.0,0.0,2465.0,1.0,0.0,0.0
318463.0,39.0,28.0,6.0,5.0,4.0,10222.0,2.0,0.0,0.0
1010075.0,186.0,157.0,20.0,9.0,3.0,183785.0,58.0,0.0,0.0
96503.0,23.0,20.0,3.0,0.0,0.0,15488.0,2.0,0.0,0.0
75352.0,11.0,8.0,3.0,0.0,0.0,1058.0,1.0,0.0,0.0
445377.0,76.0,61.0,13.0,2.0,1.0,44757.0,12.0,0.0,0.0
1107612.0,155.0,107.0,46.0,2.0,0.0,276746.0,52.0,0.0,0.0
105171.0,25.0,22.0,2.0,1.0,1.0,968.0,1.0,0.0,0.0
52502.0,10.0,9.0,0.0,1.0,1.0,2706.0,2.0,0.0,0.0
288703.0,44.0,36.0,3.0,5.0,5.0,14422.0,5.0,0.0,0.0
16739.0,7.0,7.0,0.0,0.0,0.0,3753.0,4.0,0.0,0.0
109053.0,25.0,21.0,3.0,1.0,0.0,5114.0,3.0,0.0,0.0
604785.0,42.0,20.0,12.0,10.0,8.0,41314.0,9.0,0.0,0.0
103899.0,28.0,26.0,2.0,0.0,0.0,26986.0,8.0,0.0,0.0
823841.0,66.0,39.0,9.0,18.0,10.0,92077.0,14.0,0.0,0.0
322115.0,33.0,22.0,7.0,4.0,4.0,22370.0,6.0,0.0,0.0
449301.0,117.0,106.0,7.0,4.0,1.0,84757.0,43.0,0.0,0.0
4119.0,2.0,2.0,0.0,0.0,0.0,1063.0,1.0,0.0,0.0
92475.0,36.0,35.0,1.0,0.0,0.0,7558.0,3.0,0.0,0.0
519364.0,52.0,34.0,11.0,7.0,1.0,96661.0,19.0,0.0,0.0
272576.0,31.0,23.0,3.0,5.0,5.0,36667.0,4.0,0.0,0.0
183594.0,31.0,25.0,4.0,2.0,2.0,4640.0,4.0,0.0,0.0
53013.0,7.0,5.0,1.0,1.0,1.0,536.0,1.0,0.0,0.0
242496.0,74.0,65.0,8.0,1.0,0.0,35880.0,10.0,0.0,0.0
84391.0,20.0,18.0,1.0,1.0,0.0,26282.0,10.0,0.0,0.0
16361.0,10.0,10.0,0.0,0.0,0.0,5498.0,2.0,0.0,0.0
196467.0,36.0,29.0,6.0,1.0,0.0,1840.0,2.0,0.0,0.0
314455.0,41.0,28.0,12.0,1.0,0.0,294014.0,100.0,0.0,0.0
125896.0,12.0,7.0,3.0,2.0,0.0,0,0,0,0
47806.0,12.0,10.0,2.0,0.0,0.0,27338.0,8.0,0.0,0.0
91877.0,16.0,12.0,4.0,0.0,0.0,48210.0,12.0,0.0,0.0
58682.0,11.0,9.0,2.0,0.0,0.0,3704.0,4.0,0.0,0.0
268467.0,78.0,74.0,3.0,1.0,0.0,113632.0,56.0,0.0,0.0
781965.0,88.0,46.0,39.0,3.0,0.0,352952.0,120.0,0.0,0.0
190304.0,35.0,28.0,7.0,0.0,0.0,424182.0,88.0,0.0,0.0
447830.0,158.0,147.0,10.0,1.0,0.0,271672.0,108.0,0.0,0.0
110905.0,19.0,17.0,1.0,1.0,1.0,13204.0,6.0,0.0,0.0
94475.0,26.0,24.0,2.0,0.0,0.0,26442.0,12.0,0.0,0.0
66727.0,8.0,6.0,1.0,1.0,0.0,0.0,0.0,0.0,0.0
670275.0,197.0,184.0,12.0,1.0,0.0,12419.0,8.0,0.0,0.0
74799.0,25.0,24.0,1.0,0.0,0.0,0.0,0.0,0.0,0.0
1033392.0,411.0,400.0,11.0,0.0,0.0,262817.0,96.0,0.0,0.0
3063033.0,810.0,748.0,55.0,7.0,2.0,94645.0,32.0,0.0,0.0
342138.0,39.0,25.0,11.0,3.0,1.0,20753.0,6.0,0.0,0.0
649835.0,127.0,110.0,12.0,5.0,2.0,76001.0,15.0,0.0,0.0
556471.0,131.0,118.0,13.0,0.0,0.0,24788.0,12.0,0.0,0.0
887050.0,107.0,81.0,13.0,13.0,3.0,155714.0,32.0,0.0,0.0
23539078.0,4848.0,4172.0,442.0,234.0,145.0,6244961.0,2457.0,1.0,0.0
1034574.0,246.0,217.0,17.0,12.0,6.0,147171.0,77.0,0.0,0.0
686537.0,230.0,211.0,18.0,1.0,0.0,116132.0,59.0,0.0,0.0
713241.0,417.0,409.0,7.0,1.0,0.0,142334.0,189.0,0.0,0.0
65254466.0,12530.0,10060.0,1932.0,538.0,187.0,8983036.0,6275.0,3.0,0.0
282150.0,60.0,51.0,8.0,1.0,0.0,14175.0,3.0,0.0,0.0
3893648.0,1930.0,1870.0,50.0,10.0,4.0,1009420.0,1017.0,0.0,0.0
23549656.0,2559.0,1514.0,844.0,201.0,89.0,2018795.0,657.0,1.0,0.0
1158233.0,222.0,173.0,41.0,8.0,2.0,495407.0,210.0,0.0,0.0
644071.0,279.0,266.0,12.0,1.0,0.0,129462.0,104.0,0.0,0.0
4808045.0,307.0,146.0,47.0,114.0,73.0,278709.0,89.0,0.0,0.0
87753355.0,15544.0,11847.0,2947.0,750.0,208.0,9141557.0,7350.0,8.0,2.0
88318632.0,12420.0,8744.0,3033.0,643.0,214.0,19815753.0,8180.0,6.0,0.0
591520.0,281.0,275.0,5.0,1.0,0.0,96038.0,82.0,0.0,0.0
254728.0,112.0,105.0,7.0,0.0,0.0,46626.0,55.0,0.0,0.0
625044.0,119.0,100.0,17.0,2.0,0.0,24653.0,12.0,0.0,0.0
33177228.0,3614.0,2477.0,512.0,625.0,388.0,2353641.0,1126.0,1.0,1.0
579104624.0,87366.0,64519.0,17475.0,5372.0,2175.0,192057020.0,93166.0,124.0,34.0
449071.0,399.0,395.0,3.0,1.0,0.0,268118.0,378.0,0.0,0.0
4179795.0,1151.0,1012.0,114.0,25.0,8.0,442358.0,443.0,0.0,0.0
143100757.0,18086.0,12135.0,4357.0,1594.0,697.0,34271617.0,14167.0,9.0,2.0
216324.0,83.0,81.0,1.0,1.0,1.0,29829.0,26.0,0.0,0.0
316129.0,247.0,244.0,3.0,0.0,0.0,114457.0,181.0,0.0,0.0
118710.0,68.0,66.0,2.0,0.0,0.0,22820.0,34.0,0.0,0.0
269079.0,68.0,61.0,5.0,2.0,1.0,23741.0,14.0,0.0,0.0
26578209.0,3848.0,2858.0,759.0,231.0,92.0,2907645.0,1147.0,0.0,0.0
4352274.0,2868.0,2755.0,103.0,10.0,4.0,1359419.0,1973.0,0.0,0.0
32585405.0,5171.0,4018.0,796.0,357.0,181.0,6066320.0,2557.0,2.0,0.0
3853197.0,862.0,735.0,98.0,29.0,13.0,213705.0,122.0,0.0,0.0
11372937.0,6750.0,6558.0,160.0,32.0,12.0,7026099.0,7349.0,0.0,0.0
111665683.0,12574.0,7950.0,3263.0,1361.0,583.0,13079652.0,5036.0,1.0,1.0
2892425.0,538.0,447.0,60.0,31.0,13.0,215343.0,156.0,0.0,0.0
4438717.0,1059.0,955.0,70.0,34.0,21.0,910645.0,498.0,0.0,0.0
113705.0,67.0,65.0,2.0,0.0,0.0,5864.0,7.0,0.0,0.0
7585926.0,952.0,671.0,196.0,85.0,34.0,388600.0,172.0,0.0,0.0
11704934.0,4151.0,3902.0,188.0,61.0,36.0,5324244.0,2969.0,1.0,0.0
2134953.0,512.0,439.0,56.0,17.0,5.0,95916.0,106.0,0.0,0.0
8337075.0,3723.0,3571.0,128.0,24.0,10.0,4705068.0,3704.0,0.0,0.0
1332525.0,386.0,352.0,30.0,4.0,2.0,350439.0,235.0,0.0,0.0
3486586.0,628.0,501.0,107.0,20.0,7.0,551770.0,266.0,0.0,0.0
12733134.0,1820.0,1305.0,394.0,121.0,45.0,2503685.0,1127.0,0.0,0.0
6687721.0,657.0,457.0,95.0,105.0,93.0,2213401.0,721.0,1.0,0.0
18382325.0,2938.0,2385.0,403.0,150.0,97.0,12165536.0,4456.0,2.0,0.0
3025664.0,245.0,162.0,8.0,75.0,74.0,109218.0,44.0,0.0,0.0
292512.0,33.0,25.0,1.0,7.0,7.0,46780.0,32.0,0.0,0.0
596628.0,80.0,64.0,6.0,10.0,9.0,101169.0,29.0,1.0,1.0
821335.0,70.0,47.0,2.0,21.0,21.0,18157.0,17.0,0.0,0.0
364190.0,107.0,99.0,3.0,5.0,5.0,63538.0,56.0,0.0,0.0
1178370.0,325.0,303.0,8.0,14.0,14.0,101699.0,66.0,0.0,0.0
386359.0,61.0,50.0,4.0,7.0,7.0,43254.0,30.0,0.0,0.0
1422078.0,100.0,59.0,5.0,36.0,35.0,39144.0,22.0,0.0,0.0
1184594.0,89.0,54.0,5.0,30.0,30.0,31444.0,23.0,0.0,0.0
2275577.0,183.0,116.0,7.0,60.0,58.0,35530.0,28.0,0.0,0.0
4398601.0,3003.0,2919.0,80.0,4.0,2.0,3209019.0,3522.0,0.0,0.0
901726.0,542.0,520.0,22.0,0.0,0.0,313053.0,373.0,0.0,0.0
500.0,1.0,1.0,0.0,0.0,0.0,0,0,0,0
2421264.0,811.0,714.0,93.0,4.0,3.0,481346.0,439.0,0.0,0.0
16224098.0,8306.0,7920.0,349.0,37.0,16.0,9605169.0,9040.0,0.0,0.0
43738610.0,32860.0,32461.0,379.0,20.0,7.0,62561525.0,53951.0,5.0,0.0
0.0,0.0,0.0,0.0,0.0,0.0,0.0,0.0,0.0,0.0
0.0,0.0,0.0,0.0,0.0,0.0,0,0,0,0
3299324.0,2252.0,2183.0,69.0,0.0,0.0,1958731.0,1989.0,0.0,0.0
0.0,0.0,0.0,0.0,0.0,0.0,0,0,0,0
3203760.0,2749.0,2713.0,31.0,5.0,3.0,1437800.0,1656.0,0.0,0.0
7823573.0,2631.0,2390.0,172.0,69.0,18.0,2098574.0,1761.0,0.0,0.0
21837321.0,10876.0,10328.0,485.0,63.0,21.0,13805575.0,11156.0,2.0,1.0
2023038.0,1325.0,1282.0,39.0,4.0,1.0,920710.0,1071.0,0.0,0.0
2612885.0,954.0,858.0,89.0,7.0,1.0,696720.0,739.0,0.0,0.0
673467.0,467.0,458.0,6.0,3.0,1.0,158131.0,187.0,0.0,0.0
23228705.0,13205.0,12645.0,534.0,26.0,6.0,21238310.0,21041.0,0.0,0.0
0.0,0.0,0.0,0.0,0.0,0.0,0.0,0.0,0.0,0.0
3806968.0,1405.0,1278.0,124.0,3.0,1.0,1410595.0,1145.0,0.0,0.0
420067.0,283.0,279.0,4.0,0.0,0.0,141065.0,140.0,0.0,0.0
857035.0,377.0,362.0,13.0,2.0,1.0,192838.0,175.0,0.0,0.0
0.0,0.0,0.0,0.0,0.0,0.0,0,0,0,0
167984.0,86.0,86.0,0.0,0.0,0.0,14820.0,17.0,0.0,0.0
2151395.0,813.0,748.0,57.0,8.0,2.0,526813.0,586.0,0.0,0.0
3506548.0,1637.0,1566.0,61.0,10.0,4.0,1079675.0,1043.0,0.0,0.0
4161059.0,2707.0,2641.0,58.0,8.0,2.0,1847501.0,1826.0,0.0,0.0
6527620.0,3949.0,3828.0,108.0,13.0,3.0,3297110.0,3129.0,0.0,0.0
16777190.0,13350.0,13119.0,213.0,18.0,9.0,22435699.0,23947.0,0.0,0.0
0.0,0.0,0.0,0.0,0.0,0.0,0,0,0,0
2550175.0,1640.0,1581.0,57.0,2.0,1.0,1560747.0,1544.0,2.0,1.0
0.0,0.0,0.0,0.0,0.0,0.0,0,0,0,0
222890.0,214.0,212.0,2.0,0.0,0.0,102440.0,124.0,0.0,0.0
7004691.0,5135.0,5051.0,76.0,8.0,7.0,4704967.0,4680.0,0.0,0.0
0.0,0.0,0.0,0.0,0.0,0.0,0,0,0,0
29653973.0,18175.0,17530.0,595.0,50.0,19.0,21767417.0,21248.0,1.0,0.0
924852.0,874.0,863.0,9.0,2.0,0.0,361136.0,459.0,0.0,0.0
0.0,0.0,0.0,0.0,0.0,0.0,0,0,0,0
5236083.0,3866.0,3784.0,81.0,1.0,0.0,5186367.0,5156.0,0.0,0.0
12092749.0,8895.0,8737.0,139.0,19.0,11.0,6838218.0,7273.0,0.0,0.0
1570458.0,1073.0,1048.0,21.0,4.0,3.0,1024118.0,988.0,0.0,0.0
86949088.0,62875.0,61963.0,853.0,59.0,23.0,136354931.0,116194.0,10.0,0.0
46107546.0,8149.0,6532.0,1257.0,360.0,116.0,20166447.0,8643.0,16.0,9.0
2290029.0,1230.0,1180.0,44.0,6.0,1.0,706103.0,634.0,0.0,0.0
1691201.0,879.0,842.0,29.0,8.0,4.0,495569.0,515.0,0.0,0.0
20759680.0,16353.0,16109.0,221.0,23.0,9.0,27112262.0,27332.0,0.0,0.0
6008588.0,3495.0,3366.0,124.0,5.0,2.0,4775658.0,4317.0,0.0,0.0
24470052.0,18846.0,18679.0,155.0,12.0,4.0,32320639.0,27074.0,3.0,1.0
9781308.0,6664.0,6528.0,125.0,11.0,5.0,6870314.0,6763.0,0.0,0.0
22006255.0,20535.0,20441.0,88.0,6.0,1.0,23849298.0,24068.0,0.0,0.0
24667964.0,15652.0,15194.0,436.0,22.0,8.0,15454057.0,16014.0,1.0,0.0
5102615.0,3000.0,2890.0,101.0,9.0,6.0,1644445.0,1878.0,0.0,0.0
5944847.0,4638.0,4576.0,58.0,4.0,2.0,4417764.0,4170.0,0.0,0.0
9605357.0,7050.0,6918.0,128.0,4.0,0.0,10566132.0,10210.0,0.0,0.0
4898612.0,2333.0,2201.0,123.0,9.0,1.0,1546245.0,1398.0,0.0,0.0
7265582.0,3860.0,3682.0,171.0,7.0,0.0,5137065.0,4342.0,0.0,0.0
2168769.0,1338.0,1302.0,30.0,6.0,4.0,626596.0,715.0,0.0,0.0
1087958.0,1017.0,1007.0,10.0,0.0,0.0,534983.0,667.0,0.0,0.0
336820.0,190.0,181.0,9.0,0.0,0.0,136392.0,169.0,0.0,0.0
13579673.0,8818.0,8586.0,217.0,15.0,4.0,11395548.0,9826.0,0.0,0.0
1678220.0,551.0,490.0,57.0,4.0,0.0,639494.0,651.0,0.0,0.0
252983.0,102.0,96.0,6.0,0.0,0.0,38904.0,36.0,0.0,0.0
2244242.0,1345.0,1296.0,47.0,2.0,0.0,2614352.0,2873.0,0.0,0.0
204005.0,116.0,114.0,2.0,0.0,0.0,18488.0,27.0,0.0,0.0
2775350.0,1171.0,1085.0,83.0,3.0,1.0,1834193.0,1806.0,0.0,0.0
514324.0,152.0,139.0,11.0,2.0,1.0,194901.0,210.0,0.0,0.0
529741.0,245.0,231.0,12.0,2.0,0.0,97805.0,107.0,0.0,0.0
0.0,0.0,0.0,0.0,0.0,0.0,0,0,0,0
0.0,0.0,0.0,0.0,0.0,0.0,0,0,0,0
9766618.0,2102.0,1818.0,222.0,62.0,41.0,1550385.0,746.0,0.0,0.0
15830225.0,4089.0,3616.0,410.0,63.0,38.0,1818545.0,1048.0,1.0,0.0
11518240.0,3850.0,3569.0,241.0,40.0,23.0,3841369.0,2310.0,0.0,0.0
9823953.0,2610.0,2334.0,222.0,54.0,41.0,1567573.0,1020.0,0.0,0.0
13829982.0,2958.0,2539.0,322.0,97.0,57.0,2124094.0,1026.0,0.0,0.0
14644164.0,3279.0,2853.0,381.0,45.0,29.0,1635182.0,840.0,0.0,0.0
32212026.0,9506.0,8574.0,814.0,118.0,65.0,6256858.0,3378.0,1.0,1.0
7757895.0,2026.0,1815.0,155.0,56.0,31.0,1270360.0,711.0,0.0,0.0
10178365.0,3014.0,2741.0,239.0,34.0,16.0,1609369.0,922.0,0.0,0.0
16921116.0,4001.0,3543.0,362.0,96.0,65.0,3257258.0,1596.0,0.0,0.0
34832912.0,14839.0,13996.0,644.0,199.0,125.0,10722998.0,9346.0,0.0,0.0
5357238.0,3249.0,3162.0,75.0,12.0,9.0,1080917.0,1154.0,0.0,0.0
27603203.0,10774.0,10120.0,513.0,141.0,96.0,8398718.0,6147.0,0.0,0.0
8226427.0,3036.0,2822.0,196.0,18.0,11.0,1044126.0,834.0,0.0,0.0
26705531.0,6016.0,5215.0,612.0,189.0,139.0,3953219.0,1744.0,0.0,0.0
19322492.0,11412.0,11086.0,258.0,68.0,46.0,8457031.0,7751.0,0.0,0.0
6210141.0,1961.0,1794.0,144.0,23.0,12.0,2053909.0,1597.0,0.0,0.0
16559777.0,4042.0,3519.0,393.0,130.0,95.0,2838002.0,1922.0,0.0,0.0
4383013.0,1385.0,1299.0,66.0,20.0,14.0,999250.0,530.0,0.0,0.0
12314343.0,2449.0,2067.0,285.0,97.0,55.0,2088348.0,821.0,0.0,0.0
14335606.0,4142.0,3748.0,300.0,94.0,63.0,2492546.0,1579.0,1.0,0.0
13810398.0,4135.0,3748.0,326.0,61.0,45.0,2342700.0,1357.0,0.0,0.0
14285243.0,2825.0,2376.0,341.0,108.0,75.0,2197150.0,935.0,0.0,0.0
20919764.0,4649.0,4021.0,489.0,139.0,98.0,2573367.0,1244.0,0.0,0.0
683055.0,142.0,125.0,6.0,11.0,8.0,176998.0,107.0,0.0,0.0
13303490.0,3751.0,3393.0,300.0,58.0,41.0,2116827.0,1168.0,0.0,0.0
6003438.0,2911.0,2808.0,81.0,22.0,15.0,1967102.0,1493.0,0.0,0.0
5374230.0,1501.0,1345.0,138.0,18.0,6.0,881523.0,432.0,0.0,0.0
3647478.0,1731.0,1669.0,49.0,13.0,9.0,591353.0,546.0,0.0,0.0
21305795.0,4508.0,3855.0,513.0,140.0,94.0,2941574.0,1559.0,0.0,0.0
5476205.0,2015.0,1907.0,85.0,23.0,19.0,735534.0,558.0,0.0,0.0
16510804.0,6564.0,6159.0,341.0,64.0,39.0,4040406.0,3484.0,0.0,0.0
9699053.0,3743.0,3528.0,168.0,47.0,37.0,1868238.0,1255.0,0.0,0.0
11034953.0,3260.0,2941.0,272.0,47.0,36.0,1384316.0,1029.0,1.0,1.0
2154962.0,1238.0,1211.0,24.0,3.0,0.0,488447.0,461.0,0.0,0.0
25562509.0,7089.0,6470.0,458.0,161.0,109.0,5166577.0,2559.0,0.0,0.0
11023010.0,3223.0,2917.0,248.0,58.0,26.0,1594613.0,1132.0,0.0,0.0
7917297.0,1644.0,1390.0,204.0,50.0,40.0,1040952.0,502.0,0.0,0.0
18723548.0,5676.0,5188.0,408.0,80.0,57.0,2438723.0,1420.0,0.0,0.0
12906798.0,4420.0,4122.0,229.0,69.0,45.0,2863280.0,1754.0,0.0,0.0
3719895.0,1905.0,1834.0,64.0,7.0,4.0,612974.0,597.0,0.0,0.0
6757161.0,2121.0,1928.0,168.0,25.0,14.0,1341960.0,804.0,0.0,0.0
2922388.0,852.0,777.0,59.0,16.0,13.0,631630.0,295.0,0.0,0.0
11944285.0,4188.0,3945.0,177.0,66.0,46.0,2446099.0,1412.0,0.0,0.0
10773920.0,3244.0,2983.0,228.0,33.0,25.0,1413845.0,891.0,0.0,0.0
3858764.0,1687.0,1608.0,62.0,17.0,14.0,1012119.0,745.0,0.0,0.0
12695050.0,4154.0,3809.0,291.0,54.0,31.0,2683037.0,1824.0,0.0,0.0
2187492.0,589.0,540.0,38.0,11.0,11.0,445304.0,196.0,0.0,0.0
7197737.0,1703.0,1520.0,132.0,51.0,41.0,813379.0,401.0,0.0,0.0
13769291.0,4996.0,4683.0,290.0,23.0,18.0,3916013.0,3494.0,0.0,0.0
11598884.0,3239.0,2907.0,283.0,49.0,32.0,1389174.0,877.0,0.0,0.0
19478557.0,4029.0,3409.0,493.0,127.0,75.0,2226845.0,1157.0,0.0,0.0
11651239.0,3095.0,2801.0,208.0,86.0,59.0,2273648.0,1156.0,0.0,0.0
19298856.0,4096.0,3528.0,431.0,137.0,92.0,2420899.0,1137.0,0.0,0.0
16281299.0,3634.0,3180.0,367.0,87.0,71.0,2005496.0,965.0,0.0,0.0
9564487.0,2290.0,2009.0,235.0,46.0,35.0,1147670.0,646.0,0.0,0.0
6864120.0,2132.0,1977.0,121.0,34.0,21.0,810066.0,530.0,0.0,0.0
40773078.0,14199.0,13171.0,788.0,240.0,168.0,7375793.0,6752.0,0.0,0.0
4714310.0,1934.0,1824.0,104.0,6.0,4.0,822359.0,735.0,0.0,0.0
3857119.0,1382.0,1287.0,84.0,11.0,8.0,480005.0,377.0,0.0,0.0
14877472.0,5020.0,4676.0,257.0,87.0,60.0,2624867.0,1823.0,0.0,0.0
2161298.0,1492.0,1460.0,29.0,3.0,1.0,425936.0,503.0,0.0,0.0
19482614.0,4188.0,3601.0,462.0,125.0,97.0,2350974.0,1106.0,0.0,0.0
3778626.0,2383.0,2331.0,42.0,10.0,7.0,811611.0,1051.0,0.0,0.0
36674386.0,19452.0,18752.0,577.0,123.0,86.0,25161813.0,25477.0,1.0,0.0
10260666.0,3732.0,3496.0,188.0,48.0,32.0,1656651.0,1173.0,0.0,0.0
9432782.0,2909.0,2652.0,223.0,34.0,12.0,1626614.0,1114.0,0.0,0.0
8661977.0,2700.0,2476.0,190.0,34.0,27.0,1841122.0,912.0,0.0,0.0
0.0,0.0,0.0,0.0,0.0,0.0,0,0,0,0
23102312.0,6269.0,5563.0,506.0,200.0,146.0,2566131.0,1792.0,1.0,0.0
41465936.0,9583.0,8344.0,1091.0,148.0,84.0,9033749.0,3574.0,0.0,0.0
11903219.0,5020.0,4760.0,214.0,46.0,26.0,3471780.0,2808.0,0.0,0.0
14832077.0,3593.0,3158.0,360.0,75.0,47.0,2681008.0,1228.0,0.0,0.0
15467890.0,3672.0,3180.0,414.0,78.0,45.0,1798744.0,1117.0,0.0,0.0
21810520.0,6204.0,5573.0,544.0,87.0,51.0,3640268.0,1980.0,1.0,0.0
6665964.0,1208.0,1031.0,82.0,95.0,85.0,661157.0,339.0,0.0,0.0
9213478.0,2852.0,2633.0,178.0,41.0,28.0,1067605.0,663.0,0.0,0.0
20269832.0,5184.0,4666.0,382.0,136.0,95.0,2259947.0,1066.0,0.0,0.0
7349065.0,3516.0,3348.0,151.0,17.0,13.0,1307064.0,1121.0,0.0,0.0
21022251.0,4569.0,4033.0,378.0,158.0,125.0,10811600.0,4625.0,0.0,0.0
2799614.0,157.0,68.0,20.0,69.0,66.0,353852.0,116.0,0.0,0.0
4476050.0,715.0,594.0,61.0,60.0,54.0,2968863.0,1290.0,1.0,0.0
9335.0,2.0,2.0,0.0,0.0,0.0,0.0,0.0,0.0,0.0
340.0,1.0,1.0,0.0,0.0,0.0,0.0,0.0,0.0,0.0
0.0,0.0,0.0,0.0,0.0,0.0,0.0,0.0,0.0,0.0
0.0,0.0,0.0,0.0,0.0,0.0,0.0,0.0,0.0,0.0
0.0,0.0,0.0,0.0,0.0,0.0,0.0,0.0,0.0,0.0
0.0,0.0,0.0,0.0,0.0,0.0,0.0,0.0,0.0,0.0
472569.0,42.0,26.0,4.0,12.0,9.0,72028.0,16.0,0.0,0.0
436275.0,41.0,29.0,0.0,12.0,12.0,255633.0,48.0,0.0,0.0
1734698.0,130.0,79.0,4.0,47.0,40.0,981677.0,138.0,3.0,1.0
315297.0,170.0,164.0,1.0,5.0,5.0,596150.0,247.0,1.0,0.0
201783.0,16.0,10.0,1.0,5.0,5.0,76087.0,14.0,0.0,0.0
62000.0,57.0,56.0,0.0,1.0,1.0,14000.0,28.0,0.0,0.0
3095398.0,1673.0,1608.0,7.0,58.0,53.0,7343289.0,1759.0,15.0,7.0
887628.0,78.0,54.0,1.0,23.0,21.0,265297.0,49.0,0.0,0.0
296993.0,28.0,22.0,0.0,6.0,0.0,89947.0,15.0,0.0,0.0
300844.0,11.0,3.0,1.0,7.0,0.0,112574.0,20.0,0.0,0.0
1547848.0,203.0,165.0,14.0,24.0,0.0,654893.0,185.0,0.0,0.0
906221.0,53.0,25.0,11.0,17.0,0.0,1099443.0,220.0,2.0,0.0
9777159.0,2581.0,2425.0,130.0,26.0,0.0,1051506.0,613.0,0.0,0.0
126612.0,74.0,74.0,0.0,0.0,0.0,4635.0,7.0,0.0,0.0
150994.0,47.0,44.0,3.0,0.0,0.0,16536.0,13.0,0.0,0.0
5317.0,1.0,1.0,0.0,0.0,0.0,0.0,0.0,0.0,0.0
8547906.0,2256.0,2118.0,110.0,28.0,0.0,832389.0,487.0,0.0,0.0
181921.0,28.0,21.0,6.0,1.0,0.0,316208.0,161.0,0.0,0.0
132121.0,38.0,37.0,1.0,0.0,0.0,41923.0,23.0,0.0,0.0
92790.0,10.0,8.0,0.0,2.0,0.0,9454.0,4.0,0.0,0.0
144944.0,34.0,28.0,5.0,1.0,0.0,1394.0,1.0,0.0,0.0
336700.0,61.0,46.0,15.0,0.0,0.0,72812.0,25.0,0.0,0.0
62331.0,8.0,7.0,0.0,1.0,0.0,23935.0,12.0,0.0,0.0
891396.0,265.0,252.0,12.0,1.0,0.0,73393.0,38.0,0.0,0.0
113949.0,20.0,16.0,4.0,0.0,0.0,29083.0,8.0,0.0,0.0
20266.0,6.0,5.0,1.0,0.0,0.0,0,0,0,0
142568.0,20.0,14.0,6.0,0.0,0.0,12316.0,6.0,0.0,0.0
16034.0,8.0,8.0,0.0,0.0,0.0,1234.0,1.0,0.0,0.0
63061.0,11.0,9.0,2.0,0.0,0.0,0.0,0.0,0.0,0.0
4928.0,3.0,3.0,0.0,0.0,0.0,0,0,0,0
46675.0,17.0,17.0,0.0,0.0,0.0,0.0,0.0,0.0,0.0
470471.0,166.0,160.0,6.0,0.0,0.0,137956.0,64.0,0.0,0.0
331856.0,79.0,72.0,7.0,0.0,0.0,13351.0,5.0,0.0,0.0
0.0,0.0,0.0,0.0,0.0,0.0,0,0,0,0
20653.0,9.0,8.0,1.0,0.0,0.0,0.0,0.0,0.0,0.0
28881.0,8.0,8.0,0.0,0.0,0.0,0,0,0,0
38311.0,6.0,5.0,0.0,1.0,0.0,1048.0,1.0,0.0,0.0
494345.0,213.0,209.0,3.0,1.0,0.0,17799.0,13.0,0.0,0.0
23919.0,10.0,10.0,0.0,0.0,0.0,3666.0,2.0,0.0,0.0
104555.0,12.0,8.0,3.0,1.0,0.0,2578.0,2.0,0.0,0.0
91670.0,22.0,20.0,2.0,0.0,0.0,4377.0,1.0,0.0,0.0
35865.0,7.0,6.0,1.0,0.0,0.0,5228.0,1.0,0.0,0.0
190487.0,41.0,35.0,6.0,0.0,0.0,446237.0,179.0,0.0,0.0
47096.0,5.0,4.0,0.0,1.0,0.0,39668.0,5.0,1.0,0.0
798069.0,97.0,74.0,15.0,8.0,0.0,92915.0,17.0,0.0,0.0
414081.0,65.0,56.0,7.0,2.0,0.0,286857.0,73.0,0.0,0.0
10080658.0,627.0,411.0,17.0,199.0,0.0,2209482.0,381.0,3.0,0.0
1002831.0,313.0,293.0,18.0,2.0,0.0,124016.0,53.0,0.0,0.0
26628161.0,3883.0,2803.0,1057.0,23.0,0.0,2539465.0,730.0,1.0,0.0
330420.0,124.0,119.0,5.0,0.0,0.0,14737.0,13.0,0.0,0.0
1567991.0,65.0,23.0,6.0,36.0,0.0,302468.0,46.0,1.0,0.0
4640260.0,163.0,45.0,5.0,113.0,0.0,1581596.0,225.0,3.0,0.0
59451.0,36.0,35.0,1.0,0.0,0.0,9479.0,9.0,0.0,0.0
856430.0,280.0,260.0,20.0,0.0,0.0,366424.0,118.0,0.0,0.0
2980459.0,793.0,711.0,69.0,13.0,0.0,573500.0,257.0,0.0,0.0
6359608.0,1424.0,1244.0,126.0,54.0,0.0,1071233.0,494.0,0.0,0.0
6107471.0,1587.0,1428.0,135.0,24.0,0.0,1935678.0,828.0,1.0,0.0
94810.0,23.0,21.0,1.0,1.0,0.0,11911.0,4.0,0.0,0.0
4986533.0,1210.0,1066.0,129.0,15.0,0.0,1323793.0,592.0,0.0,0.0
13207240.0,2485.0,2058.0,355.0,72.0,0.0,4868869.0,1417.0,0.0,0.0
3096962.0,934.0,865.0,45.0,24.0,0.0,2084097.0,952.0,1.0,0.0
11399868.0,1095.0,726.0,167.0,202.0,0.0,1482695.0,449.0,1.0,0.0
171540.0,52.0,47.0,5.0,0.0,0.0,58715.0,23.0,0.0,0.0
37152.0,26.0,26.0,0.0,0.0,0.0,24426.0,10.0,0.0,0.0
104240.0,44.0,41.0,3.0,0.0,0.0,96121.0,37.0,0.0,0.0
970157.0,292.0,275.0,9.0,8.0,0.0,135896.0,80.0,0.0,0.0
413814.0,161.0,155.0,4.0,2.0,0.0,86061.0,50.0,0.0,0.0
204152.0,58.0,54.0,4.0,0.0,0.0,20186.0,9.0,0.0,0.0
117304.0,58.0,58.0,0.0,0.0,0.0,63519.0,21.0,0.0,0.0
5046892.0,561.0,380.0,115.0,66.0,0.0,515197.0,155.0,0.0,0.0
187409.0,65.0,62.0,2.0,1.0,0.0,57050.0,14.0,0.0,0.0
909319.0,298.0,281.0,14.0,3.0,0.0,275973.0,175.0,0.0,0.0
659779.0,182.0,161.0,18.0,3.0,0.0,107454.0,36.0,0.0,0.0
6265602.0,1772.0,1570.0,191.0,11.0,0.0,6376383.0,2689.0,1.0,0.0
7233810.0,1646.0,1443.0,179.0,24.0,0.0,4362801.0,1775.0,1.0,0.0
83637.0,19.0,16.0,3.0,0.0,0.0,185327.0,43.0,0.0,0.0
1833626.0,449.0,389.0,54.0,6.0,0.0,279943.0,110.0,0.0,0.0
15468378.0,1949.0,1493.0,216.0,240.0,0.0,2390650.0,727.0,2.0,0.0
128621.0,54.0,53.0,1.0,0.0,0.0,62963.0,27.0,0.0,0.0
300203.0,177.0,176.0,1.0,0.0,0.0,44339.0,34.0,0.0,0.0
6749875.0,2522.0,2407.0,105.0,10.0,0.0,2246047.0,1151.0,0.0,0.0
1780593.0,436.0,401.0,14.0,21.0,0.0,337553.0,163.0,0.0,0.0
1356762.0,442.0,408.0,33.0,1.0,0.0,857270.0,296.0,1.0,0.0
102165.0,25.0,22.0,2.0,1.0,0.0,17459.0,6.0,0.0,0.0
1067110.0,448.0,426.0,22.0,0.0,0.0,427991.0,255.0,0.0,0.0
103677.0,25.0,22.0,2.0,1.0,0.0,25458.0,12.0,0.0,0.0
602653.0,264.0,252.0,12.0,0.0,0.0,69229.0,33.0,0.0,0.0
344394.0,143.0,137.0,6.0,0.0,0.0,52781.0,21.0,0.0,0.0
1908711.0,560.0,517.0,37.0,6.0,0.0,657116.0,271.0,0.0,0.0
78433.0,49.0,49.0,0.0,0.0,0.0,41946.0,14.0,0.0,0.0
187249.0,59.0,55.0,4.0,0.0,0.0,70107.0,21.0,0.0,0.0
14044559.0,2060.0,1540.0,413.0,107.0,0.0,1344001.0,457.0,0.0,0.0
3215682.0,646.0,555.0,72.0,19.0,0.0,455405.0,164.0,0.0,0.0
1200950.0,343.0,306.0,34.0,3.0,0.0,160066.0,64.0,0.0,0.0
304178.0,97.0,91.0,5.0,1.0,0.0,156245.0,105.0,0.0,0.0
319980.0,89.0,84.0,4.0,1.0,0.0,95791.0,50.0,0.0,0.0
92597.0,32.0,30.0,2.0,0.0,0.0,42760.0,22.0,0.0,0.0
58432154.0,8175.0,6436.0,1237.0,502.0,0.0,40735487.0,11552.0,19.0,0.0
8352576.0,1343.0,1123.0,152.0,68.0,0.0,903135.0,388.0,0.0,0.0
1644723.0,336.0,295.0,30.0,11.0,0.0,198796.0,82.0,0.0,0.0
3196726.0,1021.0,974.0,34.0,13.0,0.0,692669.0,348.0,0.0,0.0
9887370.0,1327.0,1020.0,203.0,104.0,0.0,1581545.0,507.0,2.0,0.0
433536.0,188.0,181.0,7.0,0.0,0.0,72162.0,41.0,0.0,0.0
12257734.0,2718.0,2439.0,207.0,72.0,0.0,2449137.0,1210.0,0.0,0.0
523588.0,252.0,243.0,7.0,2.0,0.0,397760.0,222.0,0.0,0.0
1076909.0,322.0,304.0,14.0,4.0,0.0,146368.0,74.0,0.0,0.0
87864.0,37.0,35.0,2.0,0.0,0.0,7064.0,7.0,0.0,0.0
1194021.0,266.0,232.0,28.0,6.0,0.0,226768.0,78.0,0.0,0.0
2233637.0,674.0,632.0,30.0,12.0,0.0,317042.0,148.0,2.0,0.0
353173.0,109.0,101.0,5.0,3.0,0.0,53450.0,23.0,0.0,0.0
228112.0,83.0,79.0,2.0,2.0,0.0,27271.0,24.0,0.0,0.0
178418.0,55.0,53.0,0.0,2.0,0.0,16617.0,15.0,0.0,0.0
385321.0,126.0,119.0,4.0,3.0,0.0,136438.0,87.0,0.0,0.0
1194109.0,442.0,426.0,11.0,5.0,0.0,463636.0,313.0,0.0,0.0
848791.0,332.0,319.0,8.0,5.0,0.0,776192.0,499.0,0.0,0.0
769245.0,219.0,205.0,6.0,8.0,0.0,192022.0,117.0,0.0,0.0
284594.0,135.0,129.0,6.0,0.0,0.0,90386.0,60.0,0.0,0.0
156106.0,42.0,39.0,2.0,1.0,0.0,20857.0,19.0,0.0,0.0
486205.0,138.0,125.0,12.0,1.0,0.0,95633.0,63.0,0.0,0.0
672326.0,179.0,167.0,7.0,5.0,0.0,166984.0,118.0,0.0,0.0
721975.0,288.0,278.0,8.0,2.0,0.0,150276.0,111.0,0.0,0.0
255367.0,114.0,112.0,2.0,0.0,0.0,123691.0,70.0,0.0,0.0
1528106.0,373.0,340.0,24.0,9.0,0.0,351707.0,190.0,0.0,0.0
116647.0,46.0,45.0,1.0,0.0,0.0,12624.0,14.0,0.0,0.0
214576.0,88.0,85.0,2.0,1.0,0.0,91036.0,64.0,0.0,0.0
183508.0,74.0,71.0,2.0,1.0,0.0,70083.0,41.0,0.0,0.0
131017.0,53.0,50.0,3.0,0.0,0.0,40413.0,26.0,0.0,0.0
160234.0,69.0,69.0,0.0,0.0,0.0,47137.0,23.0,0.0,0.0
642444.0,187.0,173.0,9.0,5.0,0.0,84920.0,47.0,0.0,0.0
20424.0,5.0,4.0,1.0,0.0,0.0,4724.0,3.0,0.0,0.0
24473907.0,2713.0,1863.0,681.0,169.0,0.0,13726203.0,3719.0,0.0,0.0
1742015.0,252.0,200.0,42.0,10.0,0.0,889552.0,247.0,0.0,0.0
44553701.0,1715.0,598.0,128.0,989.0,0.0,38378529.0,5576.0,54.0,0.0
2098938.0,150.0,98.0,8.0,44.0,0.0,2965427.0,496.0,7.0,0.0
360833.0,15.0,6.0,0.0,9.0,0.0,229913.0,37.0,2.0,0.0
19260550.0,2786.0,2283.0,174.0,329.0,0.0,149989.0,112.0,0.0,0.0
551703.0,91.0,77.0,5.0,9.0,0.0,8036.0,3.0,0.0,0.0
6017059.0,1297.0,1146.0,85.0,66.0,0.0,56570.0,43.0,0.0,0.0
1094620.0,95.0,68.0,6.0,21.0,0.0,202035.0,41.0,0.0,0.0
85112.0,9.0,4.0,5.0,0.0,0.0,0.0,0.0,0.0,0.0
301356.0,36.0,27.0,9.0,0.0,0.0,26427.0,7.0,0.0,0.0
368743.0,46.0,33.0,10.0,3.0,0.0,27152.0,13.0,0.0,0.0
783087.0,152.0,132.0,18.0,2.0,0.0,39179.0,21.0,0.0,0.0
37869.0,8.0,7.0,1.0,0.0,0.0,0.0,0.0,0.0,0.0
316036.0,35.0,19.0,14.0,2.0,0.0,724.0,1.0,0.0,0.0
776242.0,107.0,84.0,15.0,8.0,0.0,62303.0,16.0,0.0,0.0
172712.0,39.0,34.0,5.0,0.0,0.0,10630.0,6.0,0.0,0.0
135377.0,24.0,19.0,5.0,0.0,0.0,3368.0,2.0,0.0,0.0
245229.0,68.0,63.0,4.0,1.0,0.0,1400.0,1.0,0.0,0.0
565889.0,156.0,148.0,8.0,0.0,0.0,26878.0,11.0,0.0,0.0
3585037.0,595.0,503.0,68.0,24.0,0.0,500700.0,196.0,0.0,0.0
3442283.0,408.0,282.0,90.0,36.0,0.0,340651.0,111.0,0.0,0.0
600472.0,107.0,90.0,17.0,0.0,0.0,17714.0,7.0,0.0,0.0
170164.0,22.0,18.0,1.0,3.0,0.0,3986.0,3.0,0.0,0.0
285564.0,50.0,41.0,7.0,2.0,0.0,6462.0,4.0,0.0,0.0
335196.0,52.0,40.0,10.0,2.0,0.0,1170.0,3.0,0.0,0.0
442548.0,75.0,64.0,9.0,2.0,0.0,32153.0,12.0,0.0,0.0
141222.0,17.0,10.0,6.0,1.0,0.0,1754.0,1.0,0.0,0.0
150025.0,14.0,10.0,1.0,3.0,0.0,3723.0,1.0,0.0,0.0
589340.0,94.0,74.0,20.0,0.0,0.0,18269.0,6.0,0.0,0.0
304043.0,45.0,36.0,6.0,3.0,0.0,6864.0,4.0,0.0,0.0
52504.0,8.0,6.0,2.0,0.0,0.0,5201.0,4.0,0.0,0.0
12181.0,6.0,6.0,0.0,0.0,0.0,0.0,0.0,0.0,0.0
2112.0,1.0,1.0,0.0,0.0,0.0,0,0,0,0
9356337.0,454.0,200.0,54.0,200.0,0.0,1350259.0,186.0,0.0,0.0
508219.0,77.0,61.0,12.0,4.0,0.0,32484.0,10.0,0.0,0.0
59855.0,11.0,10.0,1.0,0.0,0.0,1130.0,1.0,0.0,0.0
154269.0,34.0,29.0,5.0,0.0,0.0,7837.0,3.0,0.0,0.0
218710.0,30.0,23.0,6.0,1.0,0.0,30421.0,12.0,0.0,0.0
3017545.0,229.0,137.0,38.0,54.0,0.0,409545.0,109.0,0.0,0.0
505421.0,95.0,78.0,13.0,4.0,0.0,53991.0,14.0,0.0,0.0
150710.0,52.0,49.0,2.0,1.0,0.0,4134.0,4.0,0.0,0.0
8174317.0,266.0,42.0,21.0,203.0,0.0,527147.0,77.0,0.0,0.0
99378.0,49.0,49.0,0.0,0.0,0.0,1578.0,2.0,0.0,0.0
63249.0,22.0,20.0,2.0,0.0,0.0,252.0,1.0,0.0,0.0
572689.0,161.0,147.0,11.0,3.0,0.0,99980.0,38.0,0.0,0.0
409921.0,143.0,136.0,7.0,0.0,0.0,80773.0,43.0,0.0,0.0
131801.0,58.0,55.0,3.0,0.0,0.0,0.0,0.0,0.0,0.0
725544.0,357.0,347.0,10.0,0.0,0.0,18430.0,11.0,0.0,0.0
55315.0,15.0,13.0,2.0,0.0,0.0,2058.0,1.0,0.0,0.0
589479.0,82.0,68.0,7.0,7.0,0.0,28894.0,11.0,0.0,0.0
71443.0,25.0,24.0,0.0,1.0,0.0,3519.0,2.0,0.0,0.0
44421.0,19.0,18.0,1.0,0.0,0.0,7322.0,1.0,0.0,0.0
125859.0,48.0,46.0,1.0,1.0,0.0,16436.0,6.0,0.0,0.0
222132.0,59.0,54.0,4.0,1.0,0.0,16887.0,12.0,0.0,0.0
53518.0,25.0,24.0,1.0,0.0,0.0,795.0,1.0,0.0,0.0
199003.0,110.0,107.0,3.0,0.0,0.0,33658.0,12.0,0.0,0.0
87185.0,26.0,24.0,2.0,0.0,0.0,2916.0,3.0,0.0,0.0
31922.0,7.0,6.0,1.0,0.0,0.0,10550.0,3.0,0.0,0.0
242987.0,45.0,39.0,2.0,4.0,0.0,14158.0,7.0,0.0,0.0
401541.0,66.0,54.0,9.0,3.0,0.0,6847.0,6.0,0.0,0.0
3784103.0,218.0,85.0,63.0,70.0,0.0,316073.0,83.0,0.0,0.0
39082.0,23.0,22.0,1.0,0.0,0.0,0.0,0.0,0.0,0.0
158042.0,36.0,31.0,5.0,0.0,0.0,3934.0,2.0,0.0,0.0
58474.0,20.0,19.0,0.0,1.0,0.0,6100.0,6.0,0.0,0.0
994089.0,131.0,89.0,38.0,4.0,0.0,59337.0,17.0,0.0,0.0
225595.0,64.0,59.0,4.0,1.0,0.0,77457.0,20.0,0.0,0.0
103460.0,19.0,16.0,2.0,1.0,0.0,11977.0,3.0,0.0,0.0
130514.0,42.0,39.0,2.0,1.0,0.0,42193.0,10.0,0.0,0.0
18982.0,10.0,9.0,1.0,0.0,0.0,0.0,0.0,0.0,0.0
651793.0,107.0,82.0,19.0,6.0,0.0,19812.0,8.0,0.0,0.0
612590.0,30.0,6.0,11.0,13.0,0.0,160930.0,35.0,0.0,0.0
4047505.0,456.0,310.0,92.0,54.0,0.0,368155.0,93.0,0.0,0.0
784389.0,81.0,57.0,13.0,11.0,0.0,35216.0,8.0,0.0,0.0
188311.0,44.0,37.0,5.0,2.0,0.0,47288.0,11.0,0.0,0.0
42222.0,25.0,25.0,0.0,0.0,0.0,1400.0,1.0,0.0,0.0
15598.0,19.0,19.0,0.0,0.0,0.0,0.0,0.0,0.0,0.0
110877.0,46.0,44.0,2.0,0.0,0.0,0.0,0.0,0.0,0.0
375129.0,112.0,101.0,9.0,2.0,0.0,41832.0,25.0,0.0,0.0
10726.0,6.0,6.0,0.0,0.0,0.0,0.0,0.0,0.0,0.0
64081.0,28.0,28.0,0.0,0.0,0.0,0.0,0.0,0.0,0.0
33768.0,15.0,15.0,0.0,0.0,0.0,0.0,0.0,0.0,0.0
16358.0,10.0,10.0,0.0,0.0,0.0,892.0,1.0,0.0,0.0
416169.0,214.0,209.0,5.0,0.0,0.0,5446.0,3.0,0.0,0.0
388707.0,160.0,156.0,3.0,1.0,0.0,5046.0,5.0,0.0,0.0
121649.0,69.0,68.0,1.0,0.0,0.0,6267.0,4.0,0.0,0.0
115592.0,43.0,39.0,4.0,0.0,0.0,1430.0,1.0,0.0,0.0
346688.0,143.0,135.0,8.0,0.0,0.0,2063.0,2.0,0.0,0.0
33353.0,11.0,10.0,1.0,0.0,0.0,0.0,0.0,0.0,0.0
81285.0,11.0,7.0,4.0,0.0,0.0,0.0,0.0,0.0,0.0
133908.0,9.0,2.0,7.0,0.0,0.0,3396.0,3.0,0.0,0.0
165240.0,18.0,12.0,4.0,2.0,0.0,8511.0,3.0,0.0,0.0
373129.0,30.0,11.0,16.0,3.0,0.0,13863.0,6.0,0.0,0.0
618663.0,101.0,83.0,12.0,6.0,0.0,18406.0,8.0,0.0,0.0
3104634.0,245.0,132.0,67.0,46.0,0.0,63446.0,17.0,0.0,0.0
104656.0,6.0,2.0,2.0,2.0,0.0,2062.0,1.0,0.0,0.0
203556.0,12.0,6.0,2.0,4.0,0.0,2280.0,1.0,0.0,0.0
1030132.0,86.0,48.0,23.0,15.0,0.0,51056.0,18.0,0.0,0.0
51061.0,3.0,1.0,1.0,1.0,0.0,1396.0,1.0,0.0,0.0
707463.0,114.0,92.0,15.0,7.0,0.0,61295.0,24.0,0.0,0.0
1950585.0,163.0,82.0,59.0,22.0,0.0,63984.0,29.0,0.0,0.0
108361.0,15.0,12.0,1.0,2.0,0.0,4550.0,1.0,0.0,0.0
57173.0,6.0,4.0,1.0,1.0,0.0,0,0,0,0
589.0,1.0,1.0,0.0,0.0,0.0,0.0,0.0,0.0,0.0
90143.0,14.0,12.0,0.0,2.0,0.0,291593.0,84.0,0.0,0.0
47374.0,2.0,1.0,0.0,1.0,0.0,8354.0,2.0,0.0,0.0
628259.0,213.0,200.0,12.0,1.0,0.0,264868.0,162.0,0.0,0.0
16056.0,8.0,8.0,0.0,0.0,0.0,12608.0,10.0,0.0,0.0
53622.0,7.0,6.0,0.0,1.0,0.0,17236.0,6.0,0.0,0.0
833207.0,233.0,220.0,9.0,4.0,0.0,5136801.0,2023.0,2.0,0.0
9907.0,6.0,6.0,0.0,0.0,0.0,7370.0,2.0,0.0,0.0
1209.0,1.0,1.0,0.0,0.0,0.0,0.0,0.0,0.0,0.0
4018.0,2.0,2.0,0.0,0.0,0.0,25092.0,2.0,0.0,0.0
222579.0,71.0,62.0,8.0,1.0,0.0,2089.0,2.0,0.0,0.0
133177.0,28.0,24.0,3.0,1.0,0.0,6651.0,7.0,0.0,0.0
87469.0,6.0,3.0,1.0,2.0,0.0,11304.0,3.0,0.0,0.0
272204.0,58.0,51.0,3.0,4.0,0.0,22990.0,8.0,0.0,0.0
56382.0,14.0,12.0,2.0,0.0,0.0,1378.0,1.0,0.0,0.0
99839.0,31.0,28.0,3.0,0.0,0.0,10454.0,7.0,0.0,0.0
292108.0,35.0,25.0,7.0,3.0,0.0,22022.0,7.0,0.0,0.0
413042.0,41.0,31.0,2.0,8.0,0.0,262874.0,104.0,0.0,0.0
66070.0,22.0,21.0,1.0,0.0,0.0,20101.0,2.0,0.0,0.0
657038.0,116.0,90.0,23.0,3.0,0.0,162031.0,47.0,0.0,0.0
475753.0,76.0,59.0,11.0,6.0,0.0,52517.0,11.0,0.0,0.0
177452.0,46.0,42.0,3.0,1.0,0.0,40910.0,4.0,0.0,0.0
50968.0,9.0,7.0,2.0,0.0,0.0,1848.0,1.0,0.0,0.0
48247.0,10.0,9.0,1.0,0.0,0.0,0.0,0.0,0.0,0.0
56512.0,12.0,10.0,2.0,0.0,0.0,976.0,1.0,0.0,0.0
487843.0,87.0,74.0,8.0,5.0,0.0,65170.0,23.0,0.0,0.0
167391.0,13.0,6.0,5.0,2.0,0.0,2206.0,1.0,0.0,0.0
314841.0,49.0,39.0,9.0,1.0,0.0,26509.0,7.0,0.0,0.0
130439.0,15.0,11.0,2.0,2.0,0.0,103368.0,39.0,0.0,0.0
124830.0,40.0,38.0,2.0,0.0,0.0,46290.0,13.0,0.0,0.0
31260.0,10.0,9.0,1.0,0.0,0.0,0.0,0.0,0.0,0.0
224687.0,36.0,29.0,5.0,2.0,0.0,49273.0,13.0,0.0,0.0
22017.0,6.0,5.0,1.0,0.0,0.0,0.0,0.0,0.0,0.0
26412.0,6.0,5.0,1.0,0.0,0.0,0,0,0,0
17324.0,4.0,4.0,0.0,0.0,0.0,0,0,0,0
1427650.0,286.0,250.0,26.0,10.0,0.0,170364.0,56.0,0.0,0.0
7114243.0,1119.0,846.0,270.0,3.0,0.0,712391.0,258.0,0.0,0.0
3298426.0,629.0,522.0,96.0,11.0,0.0,232832.0,108.0,0.0,0.0
1142243.0,192.0,144.0,47.0,1.0,0.0,150377.0,73.0,0.0,0.0
3623895.0,448.0,298.0,144.0,6.0,0.0,316906.0,93.0,0.0,0.0
7411940.0,1333.0,1063.0,264.0,6.0,0.0,2061022.0,771.0,0.0,0.0
18405207.0,2319.0,1436.0,842.0,41.0,0.0,3933428.0,1207.0,0.0,0.0
3696788.0,579.0,435.0,137.0,7.0,0.0,566726.0,184.0,0.0,0.0
8022615.0,1100.0,780.0,293.0,27.0,0.0,813403.0,207.0,0.0,0.0
9672865.0,1585.0,1186.0,374.0,25.0,0.0,1039349.0,322.0,0.0,0.0
82351.0,20.0,18.0,2.0,0.0,0.0,4214.0,3.0,0.0,0.0
0,0,0,0,0,0,0.0,0.0,0.0,0.0
0,0,0,0,0,0,0.0,0.0,0.0,0.0
0,0,0,0,0,0,500.0,1.0,0.0,0.0
0,0,0,0,0,0,0.0,0.0,0.0,0.0
0,0,0,0,0,0,500.0,1.0,0.0,0.0
0,0,0,0,0,0,0.0,0.0,0.0,0.0
0,0,0,0,0,0,0.0,0.0,0.0,0.0
0,0,0,0,0,0,0.0,0.0,0.0,0.0
0,0,0,0,0,0,0.0,0.0,0.0,0.0
0,0,0,0,0,0,0.0,0.0,0.0,0.0
0,0,0,0,0,0,0.0,0.0,0.0,0.0
