,State,County,Total Approved IHP Amount,lat,lng
0,AK,Alaska Gateway Regional Educational Attendance Area,68623.95,64.00028,-150.00028
1,AK,Anchorage (Borough),19801204.610000003,64.00028,-150.00028
2,AK,Kenai Peninsula (Borough),587825.63,64.00028,-150.00028
3,AK,Lower Yukon Regional Educational Attendance Area,445503.04000000004,64.00028,-150.00028
4,AK,Matanuska-Susitna (Borough),6217654.419999999,61.54361,-150.5125
5,AK,Yukon Flats Regional Educational Attendance Area,362321.05,61.124646,-146.265185
6,AK,Yukon Koyukuk Regional Educational Attendance Area,2098606.3,64.839012,-147.784723
7,AL,Baldwin (County),7719236.56,31.294218,-86.381475
8,AL,Blount (County),155485.76,31.294218,-86.381475
9,AL,Calhoun (County),181921.28,31.294218,-86.381475
10,AL,Cullman (County),132120.56,31.294218,-86.381475
11,AL,DeKalb (County),69835.46,31.294218,-86.381475
12,AL,Etowah (County),556653.8999999999,31.294218,-86.381475
13,AL,Jefferson (County),966586.4499999998,31.294218,-86.381475
14,AL,Lee (County),1362566.4500000002,5.5474673,95.3506281
15,AL,Limestone (County),841909.76,31.294218,-86.381475
16,AL,Mobile (County),4747682.059999999,1.5152112,103.6350697
17,AL,Tuscaloosa (County),357135.29000000004,31.294218,-86.381475
18,AR,Arkansas (County),81284.57,33.554909,-92.82907
19,AR,Benton (County),354116.72,33.554909,-92.82907
20,AR,Boone (County),84391.51999999999,33.554909,-92.82907
21,AR,Carroll (County),73489.82,33.554909,-92.82907
22,AR,Clay (County),196467.15,33.554909,-92.82907
23,AR,Conway (County),133908.04,33.618349,-92.779849
24,AR,Crawford (County),259596.16,33.554909,-92.82907
25,AR,Desha (County),373128.56,33.554909,-92.82907
26,AR,Faulkner (County),3144795.5300000003,33.554909,-92.82907
27,AR,Fulton (County),125896.36,33.554909,-92.82907
28,AR,Garland (County),74139.84,33.554909,-92.82907
29,AR,Howard (County),86909.21,33.554909,-92.82907
30,AR,Jackson (County),87175.82999999999,33.554909,-92.82907
31,AR,Jefferson (County),3742693.34,33.618349,-92.779849
32,AR,Lawrence (County),91877.09,33.554909,-92.82907
33,AR,Lee (County),51145.59,33.554909,-92.82907
34,AR,Lincoln (County),108556.26,33.554909,-92.82907
35,AR,Little River (County),226020.72,33.554909,-92.82907
36,AR,Logan (County),203556.13,33.554909,-92.82907
37,AR,Miller (County),115099.67,33.554909,-92.82907
38,AR,Perry (County),1511774.63,33.554909,-92.82907
39,AR,Pope (County),51060.61,33.554909,-92.82907
40,AR,Prairie (County),58682.52,33.554909,-92.82907
41,AR,Pulaski (County),1097666.39,33.554909,-92.82907
42,AR,Randolph (County),849147.1600000001,33.554909,-92.82907
43,AR,Saline (County),190303.59,33.554909,-92.82907
44,AR,Sebastian (County),2037512.13,33.554909,-92.82907
45,AR,Sevier (County),109593.01000000001,33.554909,-92.82907
46,AR,Washington (County),447831.7,33.554909,-92.82907
47,AR,White (County),232314.44,33.554909,-92.82907
48,AR,Woodruff (County),94475.29999999999,33.554909,-92.82907
49,AR,Yell (County),175087.21000000002,33.554909,-92.82907
50,AS,Eastern (District),9777159.4,51.00755,5.58453
51,AS,Manu'a (District),126612.39,51.00755,5.58453
52,AS,Rose Island (Island) (County-equivalent),150993.25,63.98333,-20.38333
53,AS,Swains Island (Island) (County-equivalent),5316.92,63.98333,-20.38333
54,AS,Western (District),8547905.71,51.00755,5.58453
55,CA,Butte (County),45116801.89,38.661149,-121.801551
56,CA,Calaveras (County),4088730.2199999997,38.700351,-121.266424
57,CA,Lake (County),5054622.17,38.661149,-121.801551
58,CA,Los Angeles (County),2439302.8600000003,38.78253,-121.25554
59,CA,Mendocino (County),1734697.8300000003,38.661149,-121.801551
60,CA,Napa (County),9543743.51,-14.5391771,-68.4969367
61,CA,Nevada (County),201783.04,38.800046,-121.241947
62,CA,Orange (County),39500.0,38.661149,-121.801551
63,CA,San Diego (County),300844.33,38.789403,-121.232251
64,CA,Santa Barbara (County),1547848.07,38.387005,-120.807643
65,CA,Shasta (County),4640261.0200000005,38.661149,-121.801551
66,CA,Solano (County),1131213.6,38.661149,-121.801551
67,CA,Sonoma (County),3084397.84,38.405902,-121.343129
68,CA,Ventura (County),1267053.8,38.661149,-121.801551
69,CA,Yuba (County),887628.12,38.661149,-121.801551
70,CO,Adams (County),1023463.3000000002,4.0,-73.25
71,CO,Arapahoe (County),2961430.84,4.0,-73.25
72,CO,Boulder (County),30274448.620000005,4.0,-73.25
73,CO,Clear Creek (County),241676.24,39.550182,-107.778958
74,CO,El Paso (County),1321537.3299999998,38.8287435,-104.5253456
75,CO,Fremont (County),56187.46,4.0,-73.25
76,CO,Jefferson (County),1487220.8099999998,4.0,-73.25
77,CO,Larimer (County),6145059.9399999995,4.0,-73.25
78,CO,Logan (County),490906.95,4.0,-73.25
79,CO,Morgan (County),67456.89,4.0,-73.25
80,CO,Weld (County),9182779.4,4.0,-73.25
81,FL,Alachua (County),4397223.57,28.75054,-82.5001
82,FL,Baker (County),900973.5800000001,28.75054,-82.5001
83,FL,Bay (County),58586433.11999998,28.75054,-82.5001
84,FL,Big Cypress Indian Reservation,9334.6,28.608024,-80.806741
85,FL,Blanco (County),500.0,28.75054,-82.5001
86,FL,Bradford (County),2420763.96,28.75054,-82.5001
87,FL,Brevard (County),17071296.48,28.75054,-82.5001
88,FL,Brighton Indian Reservation,340.32,28.608024,-80.806741
89,FL,Broward (County),43691174.080000006,28.75054,-82.5001
90,FL,Bulloch (County),0.0,28.75054,-82.5001
91,FL,Burnet (County),0.0,28.75054,-82.5001
92,FL,Calhoun (County),8358336.01,28.75054,-82.5001
93,FL,Charlotte (County),3298322.340000001,28.75054,-82.5001
94,FL,Cherokee (County),0.0,28.75054,-82.5001
95,FL,Citrus (County),5144991.9399999995,28.75054,-82.5001
96,FL,Clay (County),7818196.19,28.75054,-82.5001
97,FL,Collier (County),21835321.81,28.75054,-82.5001
98,FL,Columbia (County),2022538.52,28.75054,-82.5001
99,FL,DeSoto (County),2612384.23,28.75054,-82.5001
100,FL,Dixie (County),1767730.47,28.75054,-82.5001
101,FL,Duval (County),24589916.259999994,28.75054,-82.5001
102,FL,Escambia (County),19522900.1,28.75054,-82.5001
103,FL,Fajardo (Municipio),0.0,28.75054,-82.5001
104,FL,Flagler (County),4867528.4,28.75054,-82.5001
105,FL,Fort Pierce Indian Reservation,0.0,28.608024,-80.806741
106,FL,Franklin (County),1644723.8599999999,28.75054,-82.5001
107,FL,Gadsden (County),3196726.1500000004,28.75054,-82.5001
108,FL,Gilchrist (County),420067.53,28.75054,-82.5001
109,FL,Glades (County),857034.75,28.75054,-82.5001
110,FL,Guayama (Municipio),0.0,28.75054,-82.5001
111,FL,Gulf (County),9898941.84,28.75054,-82.5001
112,FL,Hamilton (County),167984.0,28.75054,-82.5001
113,FL,Hardee (County),2150393.7,28.75054,-82.5001
114,FL,Hendry (County),3506048.4499999997,28.75054,-82.5001
115,FL,Hernando (County),4626602.68,28.75054,-82.5001
116,FL,Highlands (County),6526875.04,28.75054,-82.5001
117,FL,Hillsborough (County),16869145.869999997,28.75054,-82.5001
118,FL,Hollywood Indian Reservation,0.0,28.608024,-80.806741
119,FL,Holmes (County),433536.12,28.75054,-82.5001
120,FL,Humacao (Municipio),0.0,28.75054,-82.5001
121,FL,Immokalee Indian Reservation,0.0,28.608024,-80.806741
122,FL,Indian River (County),2705015.3200000003,28.75054,-82.5001
123,FL,Jackson (County),12766332.699999997,28.75054,-82.5001
124,FL,Juana Diaz (Municipio),0.0,26.670559,-81.822516
125,FL,Lafayette (County),222390.58000000002,28.75054,-82.5001
126,FL,Lake (County),6997183.050000001,28.75054,-82.5001
127,FL,Las Piedras (Municipio),0.0,25.598439,-80.35422
128,FL,Lee (County),29633507.589999992,28.75054,-82.5001
129,FL,Leon (County),892829.17,28.75054,-82.5001
130,FL,Levy (County),1383583.0,28.75054,-82.5001
131,FL,Liberty (County),1078726.92,28.75054,-82.5001
132,FL,Lowndes (County),0.0,28.75054,-82.5001
133,FL,Manatee (County),5489200.470000002,28.75054,-82.5001
134,FL,Marion (County),12089105.28,28.75054,-82.5001
135,FL,Martin (County),1565853.8,28.75054,-82.5001
136,FL,Miami-Dade (County),86860598.52000003,28.75054,-82.5001
137,FL,Monroe (County),46102677.95999999,28.75054,-82.5001
138,FL,Nassau (County),2506287.92,28.75054,-82.5001
139,FL,Oconee (County),0.0,28.75054,-82.5001
140,FL,Okaloosa (County),1639396.0499999998,28.75054,-82.5001
141,FL,Okeechobee (County),1691200.7799999998,28.75054,-82.5001
142,FL,Orange (County),20741471.54,28.75054,-82.5001
143,FL,Osceola (County),6006085.0600000005,28.75054,-82.5001
144,FL,Palm Beach (County),24426778.82,28.75054,-82.5001
145,FL,Pasco (County),11073114.870000003,28.75054,-82.5001
146,FL,Pinellas (County),22210138.38,28.75054,-82.5001
147,FL,Polk (County),24657094.599999998,28.75054,-82.5001
148,FL,Putnam (County),6055274.53,28.75054,-82.5001
149,FL,Santa Rosa (County),4503615.9799999995,28.75054,-82.5001
150,FL,Sarasota (County),5936469.96,28.75054,-82.5001
151,FL,Seminole (County),9737828.399999997,28.75054,-82.5001
152,FL,St. Johns (County),11979131.340000002,29.9609614,-81.3423452
153,FL,St. Lucie (County),7254048.110000002,30.76801,-81.981155
154,FL,Sumter (County),2166800.64,28.75054,-82.5001
155,FL,Suwannee (County),1087956.4100000001,28.75054,-82.5001
156,FL,Tampa Reservation,0.0,28.75054,-82.5001
157,FL,Taylor (County),739297.7800000001,28.75054,-82.5001
158,FL,Union (County),336819.59,28.75054,-82.5001
159,FL,Volusia (County),18666901.779999994,28.75054,-82.5001
160,FL,Wakulla (County),1250539.56,28.75054,-82.5001
161,FL,Walton (County),544639.5700000001,28.75054,-82.5001
162,FL,Washington (County),2243420.18,28.75054,-82.5001
163,GA,Baker (County),353171.91,32.75042,-83.50018
164,GA,Berrien (County),26504.53,32.75042,-83.50018
165,GA,Bryan (County),324304.09,32.75042,-83.50018
166,GA,Bulloch (County),288632.4,32.75042,-83.50018
167,GA,Calhoun (County),228112.53999999998,32.75042,-83.50018
168,GA,Camden (County),1678221.0199999998,32.75042,-83.50018
169,GA,Charlton (County),252982.99,32.75042,-83.50018
170,GA,Chatham (County),4685857.03,32.75042,-83.50018
171,GA,Clay (County),178416.72999999998,32.75042,-83.50018
172,GA,Coffee (County),204003.9,39.9382956,116.4445834
173,GA,Cook (County),1835.74,32.75042,-83.50018
174,GA,Crisp (County),437388.04,32.75042,-83.50018
175,GA,Decatur (County),1194631.3699999999,32.75042,-83.50018
176,GA,Dougherty (County),2037585.65,32.75042,-83.50018
177,GA,Early (County),769245.06,44.6532987,-79.3487335
178,GA,Effingham (County),312944.92,32.75042,-83.50018
179,GA,Evans (County),77446.83,38.450996,42.582851
180,GA,Glynn (County),3340205.7699999996,32.75042,-83.50018
181,GA,Grady (County),284593.91,32.75042,-83.50018
182,GA,Laurens (County),156106.62999999998,32.75042,-83.50018
183,GA,Lee (County),486205.08,5.5474673,95.3506281
184,GA,Liberty (County),704952.8800000001,32.75042,-83.50018
185,GA,Long (County),57972.19,7.2845899,134.2843439
186,GA,McIntosh (County),813828.0300000001,32.75042,-83.50018
187,GA,Miller (County),672326.46,32.75042,-83.50018
188,GA,Mitchell (County),721975.7899999999,32.75042,-83.50018
189,GA,Randolph (County),255367.23000000004,32.75042,-83.50018
190,GA,Seminole (County),1530292.1400000001,32.75042,-83.50018
191,GA,Statewide,0.0,32.75042,-83.50018
192,GA,Sumter (County),116647.76000000001,32.75042,-83.50018
193,GA,Terrell (County),214576.77,32.75042,-83.50018
194,GA,Thomas (County),200512.27999999997,32.75042,-83.50018
195,GA,Tift (County),131017.02,32.75042,-83.50018
196,GA,Turner (County),468443.48,32.75042,-83.50018
197,GA,Volusia (County),0.0,32.75042,-83.50018
198,GA,Wayne (County),93804.82999999999,32.75042,-83.50018
199,GA,Wilcox (County),143415.15,32.75042,-83.50018
200,GA,Worth (County),783339.48,32.75042,-83.50018
201,HI,Hawaii (County),10080658.229999999,20.5,-99.0
202,HI,Honolulu (County),798068.8500000001,20.5,-99.0
203,HI,Kauai (County),414081.57,20.5,-99.0
204,IA,Fremont (County),3027309.5700000003,41.303197,-94.458514
205,IA,Harrison (County),507733.12,41.208478,-94.417459
206,IA,Louisa (County),150710.13,41.208478,-94.417459
207,IA,Mills (County),8190859.68,41.208478,-94.417459
208,IA,Monona (County),99379.00000000001,41.303191,-94.459548
209,IA,Muscatine (County),63247.83,41.303184,-94.460537
210,IA,Pottawattamie (County),575760.1900000001,41.208478,-94.417459
211,IA,Scott (County),409169.62000000005,41.208478,-94.417459
212,IA,Shelby (County),131802.33,41.303191,-94.459548
213,IA,Woodbury (County),725544.4,41.30318,-94.462504
214,IL,Brown (County),32272.399999999998,42.307271,-89.90216
215,IL,Bureau (County),622026.7299999999,42.307271,-89.90216
216,IL,Calhoun (County),31820.89,42.304727,-89.902075
217,IL,Champaign (County),0.0,42.304727,-89.902075
218,IL,Clark (County),44330.81,42.307271,-89.90216
219,IL,Cook (County),90293293.24999997,42.307271,-89.90216
220,IL,Crawford (County),239669.46,42.307271,-89.90216
221,IL,DeKalb (County),140348.2,42.307271,-89.90216
222,IL,Douglas (County),152490.77000000002,42.307271,-89.90216
223,IL,DuPage (County),13090486.74,42.307271,-89.90216
224,IL,Fayette (County),34676.78,42.307271,-89.90216
225,IL,Fulton (County),865677.22,42.304727,-89.902075
226,IL,Grundy (County),1395365.8,42.307271,-89.90216
227,IL,Henderson (County),40064.369999999995,42.307271,-89.90216
228,IL,Henry (County),235227.73,42.307271,-89.90216
229,IL,Jasper (County),36706.31,42.307271,-89.90216
230,IL,Kane (County),1490330.5300000003,28.466667,44.883333
231,IL,Kendall (County),962373.26,42.307271,-89.90216
232,IL,Knox (County),804987.9600000001,42.304727,-89.902075
233,IL,La Salle (County),4629877.249999999,41.249932,-90.146587
234,IL,Lake (County),1433994.07,42.307271,-89.90216
235,IL,Livingston (County),132195.86000000002,42.307271,-89.90216
236,IL,Marshall (County),156797.55000000002,42.307271,-89.90216
237,IL,Mason (County),255768.08000000002,42.304727,-89.902075
238,IL,Massac (County),858583.4,42.307271,-89.90216
239,IL,McDonough (County),1035300.4299999998,42.307271,-89.90216
240,IL,McHenry (County),369302.87999999995,42.307271,-89.90216
241,IL,Peoria (County),1844080.4000000001,42.307271,-89.90216
242,IL,Pike (County),34080.57,42.307271,-89.90216
243,IL,Pope (County),65510.37,42.307271,-89.90216
244,IL,Putnam (County),94008.99999999999,42.307271,-89.90216
245,IL,Rock Island (County),608295.1499999999,-8.6781237,115.1992889
246,IL,Schuyler (County),44872.06,42.307271,-89.90216
247,IL,Stark (County),620483.05,42.307271,-89.90216
248,IL,Tazewell (County),392978.24999999994,42.307271,-89.90216
249,IL,Vermilion (County),98683.01999999999,42.304727,-89.902075
250,IL,Wabash (County),32400.0,42.31302,-89.899524
251,IL,Warren (County),98086.46999999999,42.31302,-89.899524
252,IL,Washington (County),28880.4,42.31302,-89.899524
253,IL,Wayne (County),60042.8,42.307271,-89.90216
254,IL,Whiteside (County),56376.52,42.31302,-89.899524
255,IL,Will (County),3718065.6400000006,42.31302,-89.899524
256,IL,Winnebago (County),149836.13999999998,42.31302,-89.899524
257,IL,Woodford (County),778211.74,42.307271,-89.90216
258,IN,Carroll (County),144943.95,39.503295,-86.789102
259,IN,Clark (County),336699.5,39.504323,-86.789094
260,IN,Dearborn (County),62331.380000000005,39.504323,-86.789094
261,IN,Elkhart (County),891395.46,39.504323,-86.789094
262,IN,Floyd (County),113949.33,39.503295,-86.789102
263,IN,Fulton (County),20265.87,39.503295,-86.789102
264,IN,Harrison (County),142567.76,39.503295,-86.789102
265,IN,Jasper (County),16033.95,39.504323,-86.789094
266,IN,Jefferson (County),63060.57,39.504323,-86.789094
267,IN,Kosciusko (County),4928.04,39.503295,-86.789102
268,IN,LaPorte (County),46674.759999999995,39.504323,-86.789094
269,IN,Lake (County),470469.75000000006,38.78205,-85.386107
270,IN,Marshall (County),331855.93,39.503295,-86.789102
271,IN,Ohio (County),0.0,39.503295,-86.789102
272,IN,Porter (County),20653.030000000002,38.767015,-85.245215
273,IN,Pulaski (County),28880.659999999996,39.504323,-86.789094
274,IN,Spencer (County),38311.02,39.504323,-86.789094
275,IN,St. Joseph (County),494342.56999999995,39.504323,-86.789094
276,IN,Starke (County),23918.850000000002,38.78205,-85.386107
277,IN,Switzerland (County),104554.99,39.504323,-86.789094
278,IN,Vanderburgh (County),91669.09,39.504323,-86.789094
279,IN,White (County),35865.36,39.504323,-86.789094
280,KY,Bath (County),50871.54,37.300366,-86.643428
281,KY,Bourbon (County),268617.31,37.299807,-86.645975
282,KY,Breathitt (County),617009.31,36.856956,-87.476087
283,KY,Carter (County),897451.25,36.894566,-86.828566
284,KY,Elliott (County),65347.62,37.525812,-82.457939
285,KY,Fleming (County),75651.86,37.525812,-82.457939
286,KY,Franklin (County),83553.56000000001,36.623661,-87.434777
287,KY,Jefferson (County),1488609.16,36.810544,-87.153324
288,KY,Johnson (County),2708507.0600000005,36.623661,-87.434777
289,KY,Lawrence (County),317953.10000000003,36.623661,-87.434777
290,KY,Leslie (County),402505.44,37.300366,-86.643428
291,KY,Madison (County),114748.56000000001,36.623661,-87.434777
292,KY,Perry (County),110945.24,36.623661,-87.434777
293,KY,Rowan (County),613277.54,36.894566,-86.828566
294,KY,Scott (County),71758.27,37.300366,-86.643428
295,KY,Trimble (County),235164.27,37.299807,-86.645975
296,LA,Acadia (Parish),6658277.729999998,34.19801,-118.26102
297,LA,Allen (Parish),529211.47,34.19801,-118.26102
298,LA,Ascension (Parish),51942798.73,34.19801,-118.26102
299,LA,Avoyelles (Parish),547320.42,34.19801,-118.26102
300,LA,Beauregard (Parish),1645412.23,34.19801,-118.26102
301,LA,Bienville (Parish),995629.17,34.19801,-118.26102
302,LA,Bossier (Parish),2868081.81,34.19801,-118.26102
303,LA,Caddo (Parish),2460863.23,34.19801,-118.26102
304,LA,Calcasieu (Parish),3101352.8899999997,34.19801,-118.26102
305,LA,Caldwell (Parish),820205.89,34.19801,-118.26102
306,LA,Catahoula (Parish),293403.64,34.19801,-118.26102
307,LA,Claiborne (Parish),452561.01,34.19801,-118.26102
308,LA,De Soto (Parish),420491.29,32.453257,-91.487138
309,LA,East Baton Rouge (Parish),308355417.88,30.481755,-91.165701
310,LA,East Carroll (Parish),302249.42,29.815766,-93.080091
311,LA,East Feliciana (Parish),4981453.9399999995,30.57491,-91.12566
312,LA,Evangeline (Parish),2143062.6399999997,34.19801,-118.26102
313,LA,Franklin (Parish),85647.67,34.19801,-118.26102
314,LA,Grant (Parish),1599777.0499999998,34.19801,-118.26102
315,LA,Iberia (Parish),4871199.45,34.19801,-118.26102
316,LA,Iberville (Parish),1127165.54,34.19801,-118.26102
317,LA,Jackson (Parish),124613.03,34.19801,-118.26102
318,LA,Jefferson Davis (Parish),1272615.92,34.19801,-118.26102
319,LA,La Salle (Parish),483387.01999999996,34.19801,-118.26102
320,LA,Lafayette (Parish),32763800.65,34.19801,-118.26102
321,LA,Lincoln (Parish),120146.96,34.19801,-118.26102
322,LA,Livingston (Parish),184091184.83000013,34.19801,-118.26102
323,LA,Madison (Parish),58331.97,34.19801,-118.26102
324,LA,Morehouse (Parish),3531047.5100000002,34.19801,-118.26102
325,LA,Natchitoches (Parish),2981728.08,34.19801,-118.26102
326,LA,Orleans (Parish),1951646.9399999997,34.19801,-118.26102
327,LA,Ouachita (Parish),17548345.939999998,34.19801,-118.26102
328,LA,Pointe Coupee (Parish),1274338.55,34.19801,-118.26102
329,LA,Rapides (Parish),708302.23,34.19801,-118.26102
330,LA,Red River (Parish),171669.59,43.1829797,16.5983676
331,LA,Richland (Parish),1603690.01,34.19801,-118.26102
332,LA,Sabine (Parish),174669.41,34.19801,-118.26102
333,LA,St. Helena (Parish),4489967.83,31.270481,-92.447554
334,LA,St. James (Parish),262099.57,34.19801,-118.26102
335,LA,St. Landry (Parish),4469049.049999999,31.146458,-92.847997
336,LA,St. Martin (Parish),5140898.01,14.6093465,120.9881434
337,LA,St. Tammany (Parish),5939997.24,34.19801,-118.26102
338,LA,Tangipahoa (Parish),38775811.199999996,34.19801,-118.26102
339,LA,Union (Parish),1935643.94,30.28644,-91.239866
340,LA,Vermilion (Parish),8687136.05,34.19801,-118.26102
341,LA,Vernon (Parish),4066214.22,34.19801,-118.26102
342,LA,Washington (Parish),5385259.82,34.19801,-118.26102
343,LA,Webster (Parish),2689012.43,34.19801,-118.26102
344,LA,West Baton Rouge (Parish),155461.16,30.481755,-91.165701
345,LA,West Carroll (Parish),918436.2,29.815766,-93.080091
346,LA,West Feliciana (Parish),674527.49,30.57491,-91.12566
347,LA,Winn (Parish),1345104.1,34.19801,-118.26102
348,MI,Bay (County),670274.98,10.0540129,124.4740811
349,MI,Gladwin (County),74797.89,43.942679,-82.99611
350,MI,Isabella (County),1033392.0800000002,43.942679,-82.99611
351,MI,Macomb (County),10493861.51,43.942679,-82.99611
352,MI,Midland (County),3063033.5700000003,43.942679,-82.99611
353,MI,Oakland (County),19067488.98,43.942679,-82.99611
354,MI,Wayne (County),91868928.48,43.942679,-82.99611
355,MN,Blue Earth (County),393242.06999999995,46.220047,-95.670572
356,MN,Freeborn (County),415866.0900000001,47.208917,-96.760729
357,MN,Hennepin (County),152723.34,46.220047,-95.670572
358,MN,Le Sueur (County),21394.469999999998,47.208917,-96.760729
359,MN,Rice (County),10071.130000000001,45.5898946,5.6935528
360,MN,Steele (County),59874.19,47.208917,-96.760729
361,MN,Waseca (County),1496035.82,47.208917,-96.760729
362,MO,Andrew (County),221828.8,36.236518,-90.055652
363,MO,Atchison (County),148471.44,36.236518,-90.055652
364,MO,Barry (County),85937.34999999999,36.236518,-90.055652
365,MO,Barton (County),2605.54,36.236518,-90.055652
366,MO,Bollinger (County),87992.93,36.236518,-90.055652
367,MO,Boone (County),87469.15000000001,36.236518,-90.055652
368,MO,Buchanan (County),275439.97,36.236518,-90.055652
369,MO,Butler (County),385341.07999999996,36.236518,-90.055652
370,MO,Callaway (County),61283.63,36.236518,-90.055652
371,MO,Camden (County),287340.09,36.236518,-90.055652
372,MO,Cape Girardeau (County),181414.46000000002,36.236518,-90.055652
373,MO,Carroll (County),104349.51000000001,36.236518,-90.055652
374,MO,Carter (County),1585142.87,36.236518,-90.055652
375,MO,Chariton (County),292945.32,36.236518,-90.055652
376,MO,Christian (County),32750.539999999997,36.236518,-90.055652
377,MO,Cole (County),460720.53,36.236518,-90.055652
378,MO,Crawford (County),75443.60999999999,36.236518,-90.055652
379,MO,Dent (County),43647.15,36.236518,-90.055652
380,MO,Douglas (County),171530.75999999998,36.236518,-90.055652
381,MO,Dunklin (County),66111.25,36.236518,-90.055652
382,MO,Franklin (County),1653411.2599999998,36.236518,-90.055652
383,MO,Gasconade (County),489347.76,36.236518,-90.055652
384,MO,Greene (County),752407.9900000001,36.236518,-90.055652
385,MO,Hickory (County),2190.62,36.236518,-90.055652
386,MO,Holt (County),661184.1400000001,36.236518,-90.055652
387,MO,Howell (County),517716.11,36.236518,-90.055652
388,MO,Iron (County),4971.74,36.236518,-90.055652
389,MO,Jackson (County),466001.27,36.236518,-90.055652
390,MO,Jasper (County),809048.8700000001,36.236518,-90.055652
391,MO,Jefferson (County),4813796.050000002,36.236518,-90.055652
392,MO,Laclede (County),92861.39,36.236518,-90.055652
393,MO,Lafayette (County),49059.7,36.236518,-90.055652
394,MO,Lawrence (County),109959.74,36.236518,-90.055652
395,MO,Lewis (County),56512.15000000001,36.236518,-90.055652
396,MO,Lincoln (County),605859.6,36.236518,-90.055652
397,MO,Livingston (County),170183.04,36.236518,-90.055652
398,MO,Madison (County),96502.75,36.236518,-90.055652
399,MO,Maries (County),114937.95999999999,36.236518,-90.055652
400,MO,McDonald (County),1054946.04,36.236518,-90.055652
401,MO,Miller (County),131831.07,36.236518,-90.055652
402,MO,Morgan (County),64686.11,36.236518,-90.055652
403,MO,Newton (County),1442386.5399999998,36.236518,-90.055652
404,MO,Oregon (County),105170.35,36.236518,-90.055652
405,MO,Osage (County),184811.46999999994,36.236518,-90.055652
406,MO,Ozark (County),288702.73,36.236518,-90.055652
407,MO,Pemiscot (County),16739.829999999998,36.236518,-90.055652
408,MO,Phelps (County),201793.64,36.236518,-90.055652
409,MO,Pike (County),228887.62,36.236518,-90.055652
410,MO,Platte (County),24967.37,36.236518,-90.055652
411,MO,Polk (County),6482.4400000000005,36.236518,-90.055652
412,MO,Pulaski (County),865286.0099999998,36.236518,-90.055652
413,MO,Reynolds (County),103898.61,36.236518,-90.055652
414,MO,Ripley (County),823841.5700000001,36.236518,-90.055652
415,MO,Saline (County),17323.559999999998,36.236518,-90.055652
416,MO,Scott (County),93512.31,36.236518,-90.055652
417,MO,Shannon (County),322115.49,36.236518,-90.055652
418,MO,St. Charles (County),2006462.48,36.239843,-90.031917
419,MO,St. Francois (County),37645.47,38.008206,-92.040993
420,MO,St. Louis (County),2515049.7700000005,36.247574,-90.040072
421,MO,Ste. Genevieve (County),99524.63,38.007387,-90.219643
422,MO,Stone (County),182121.56,36.236518,-90.055652
423,MO,Taney (County),675001.0299999999,36.236518,-90.055652
424,MO,Texas (County),308686.8,36.236518,-90.055652
425,MO,Wayne (County),183594.11,36.236518,-90.055652
426,MO,Webster (County),41772.29,36.236518,-90.055652
427,MO,Wright (County),59978.89,36.236518,-90.055652
428,MP,Rota (Municipality),324602.76999999996,15.214,145.756
429,MP,Saipan (Municipality),42795257.18999999,15.214,145.756
430,MP,Tinian (Municipality),1833248.9899999998,15.214,145.756
431,MS,Benton (County),400761.75999999995,32.75041,-89.75036
432,MS,Bolivar (County),854730.0499999999,32.75041,-89.75036
433,MS,Clarke (County),135917.75,32.75041,-89.75036
434,MS,Coahoma (County),2033750.8100000003,32.75041,-89.75036
435,MS,Forrest (County),2203366.9400000004,32.75041,-89.75036
436,MS,George (County),56318.11,32.75041,-89.75036
437,MS,Greene (County),155613.13,32.75041,-89.75036
438,MS,Itawamba (County),451051.11,32.75041,-89.75036
439,MS,Jones (County),419506.92000000004,32.75041,-89.75036
440,MS,Lamar (County),57130.5,32.75041,-89.75036
441,MS,Lauderdale (County),95460.51000000001,32.75041,-89.75036
442,MS,Leake (County),120147.39,32.75041,-89.75036
443,MS,Lee (County),346658.18000000005,32.75041,-89.75036
444,MS,Lowndes (County),261752.94,32.75041,-89.75036
445,MS,Madison (County),28555.23,32.75041,-89.75036
446,MS,Marion (County),329213.5,32.75041,-89.75036
447,MS,Marshall (County),840668.6199999999,32.75041,-89.75036
448,MS,Monroe (County),282320.99,32.75041,-89.75036
449,MS,Montgomery (County),36894.35,32.75041,-89.75036
450,MS,Panola (County),105007.54,32.75041,-89.75036
451,MS,Pearl River (County),298733.91000000003,32.75041,-89.75036
452,MS,Perry (County),924584.37,32.75041,-89.75036
453,MS,Prentiss (County),26272.97,32.75041,-89.75036
454,MS,Quitman (County),733176.3600000001,32.75041,-89.75036
455,MS,Rankin (County),166818.02,32.75041,-89.75036
456,MS,Simpson (County),13545.9,32.75041,-89.75036
457,MS,Sunflower (County),119244.24,32.75041,-89.75036
458,MS,Tallahatchie (County),107185.72999999998,32.75041,-89.75036
459,MS,Tippah (County),366551.76,32.75041,-89.75036
460,MS,Tunica (County),56164.240000000005,32.75041,-89.75036
461,MS,Warren (County),31121.28,32.75041,-89.75036
462,MS,Washington (County),1391459.7100000002,32.75041,-89.75036
463,MS,Wayne (County),382638.6,32.75041,-89.75036
464,MS,Winston (County),2170655.6300000004,32.75041,-89.75036
465,NC,Anson (County),82200.78,35.811616,-77.447923
466,NC,Beaufort (County),1129678.5899999999,35.811616,-77.447923
467,NC,Bertie (County),665116.23,35.811616,-77.447923
468,NC,Bladen (County),5188472.680000002,35.811616,-77.447923
469,NC,Brunswick (County),6688654.719999999,35.811616,-77.447923
470,NC,Camden (County),237539.29,35.811616,-77.447923
471,NC,Carteret (County),6171190.280000001,35.811616,-77.447923
472,NC,Charleston (County),0.0,35.811616,-77.447923
473,NC,Chatham (County),95816.74,35.811616,-77.447923
474,NC,Chowan (County),101691.09999999999,35.811616,-77.447923
475,NC,Columbus (County),9935072.940000001,35.811616,-77.447923
476,NC,Craven (County),13774062.460000005,35.811616,-77.447923
477,NC,Cumberland (County),13845698.870000001,35.811616,-77.447923
478,NC,Currituck (County),230759.34000000003,35.811616,-77.447923
479,NC,Dare (County),979113.42,35.811616,-77.447923
480,NC,Duplin (County),12398921.200000001,35.811616,-77.447923
481,NC,Durham (County),171540.37,35.811616,-77.447923
482,NC,Edgecombe (County),6704419.31,35.811616,-77.447923
483,NC,Gates (County),165521.84999999998,35.811616,-77.447923
484,NC,Greene (County),597298.4400000001,35.811616,-77.447923
485,NC,Guilford (County),294725.47000000003,35.811616,-77.447923
486,NC,Halifax (County),291159.69999999995,35.811616,-77.447923
487,NC,Harnett (County),2213422.3000000003,35.811616,-77.447923
488,NC,Hertford (County),260563.9,35.811616,-77.447923
489,NC,Hoke (County),1089791.02,35.811616,-77.447923
490,NC,Hyde (County),285327.36000000004,35.811616,-77.447923
491,NC,Johnston (County),1924351.88,35.811616,-77.447923
492,NC,Jones (County),5419512.92,35.811616,-77.447923
493,NC,Lee (County),349130.42000000004,5.0153409,97.2468989
494,NC,Lenoir (County),3452134.38,35.811616,-77.447923
495,NC,Martin (County),145285.43,35.811616,-77.447923
496,NC,Moore (County),948874.3999999999,35.811616,-77.447923
497,NC,Nash (County),458412.33999999997,35.811616,-77.447923
498,NC,New Hanover (County),6265600.51,35.811616,-77.447923
499,NC,Northampton (County),162349.13999999998,35.811616,-77.447923
500,NC,Onslow (County),7405825.47,35.811616,-77.447923
501,NC,Orange (County),83636.83,35.811616,-77.447923
502,NC,Pamlico (County),1833625.9400000002,35.811616,-77.447923
503,NC,Pasquotank (County),203974.58,35.811616,-77.447923
504,NC,Pender (County),17337788.040000003,53.5097631,7.3628361
505,NC,Perquimans (County),30942.010000000002,35.811616,-77.447923
506,NC,Pitt (County),1554815.5799999998,35.811616,-77.447923
507,NC,Richmond (County),362114.14,35.811616,-77.447923
508,NC,Robeson (County),24708392.240000002,35.811616,-77.447923
509,NC,Rockingham (County),47095.63,35.811616,-77.447923
510,NC,Sampson (County),3599504.6399999997,35.811616,-77.447923
511,NC,Scotland (County),1450326.2599999998,35.811616,-77.447923
512,NC,Statewide,0.0,35.50069,-80.00032
513,NC,Tyrrell (County),208398.81,35.811616,-77.447923
514,NC,Union (County),102165.47999999998,10.692939,-61.5457803
515,NC,Wake (County),443953.4600000001,35.811616,-77.447923
516,NC,Washington (County),150755.1,35.811616,-77.447923
517,NC,Wayne (County),7686076.14,35.811616,-77.447923
518,NC,Wilson (County),444241.63,35.811616,-77.447923
519,NE,Antelope (County),85113.63,41.163598,-101.118422
520,NE,Boone (County),301356.18999999994,41.163598,-101.118422
521,NE,Boyd (County),368742.81,41.153701,-101.13674
522,NE,Buffalo (County),801662.0900000001,41.153701,-101.13674
523,NE,Burt (County),74799.76,41.153701,-101.13674
524,NE,Butler (County),316035.96,41.153701,-101.13674
525,NE,Cass (County),776241.6900000001,41.153701,-101.13674
526,NE,Colfax (County),172712.81,41.153701,-101.13674
527,NE,Cuming (County),135376.87,41.163598,-101.118422
528,NE,Custer (County),248153.24,41.153701,-101.13674
529,NE,Dawson (County),568837.79,41.153701,-101.13674
530,NE,Dodge (County),3589978.8000000003,41.153701,-101.13674
531,NE,Douglas (County),3441783.63,41.153701,-101.13674
532,NE,Hall (County),600472.6799999999,41.153701,-101.13674
533,NE,Holt (County),170164.87,41.153701,-101.13674
534,NE,Howard (County),285564.0,41.156116,-101.136729
535,NE,Knox (County),335195.63000000006,41.163598,-101.118422
536,NE,Madison (County),442548.8,41.163598,-101.118422
537,NE,Nance (County),151597.94,41.163598,-101.118422
538,NE,Nemaha (County),150025.55000000002,41.163598,-101.118422
539,NE,Pierce (County),589340.1100000001,41.153701,-101.13674
540,NE,Platte (County),304043.86000000004,41.153701,-101.13674
541,NE,Richardson (County),52504.32,41.163598,-101.118422
542,NE,Saline (County),12180.7,41.163598,-101.118422
543,NE,Santee Indian Reservation,2111.92,18.0,9.0
544,NE,Sarpy (County),9371906.590000004,41.153701,-101.13674
545,NE,Saunders (County),508219.66000000003,41.163598,-101.118422
546,NE,Stanton (County),59854.58,41.163598,-101.118422
547,NE,Thurston (County),154269.50999999998,41.163598,-101.118422
548,NE,Washington (County),218709.34000000003,41.153701,-101.13674
549,OH,Auglaize (County),57172.96,41.159813,-81.337077
550,OH,Darke (County),588.8,41.159717,-81.33822
551,OH,Greene (County),90143.31000000001,41.159717,-81.33822
552,OH,Hocking (County),47374.1,41.159717,-81.33822
553,OH,Mahoning (County),628260.0299999999,39.399788,-82.287283
554,OH,Mercer (County),16055.77,41.159717,-81.33822
555,OH,Miami (County),53621.56,41.159717,-81.33822
556,OH,Montgomery (County),833207.4299999999,41.94756,-80.55424
557,OH,Muskingum (County),9907.42,41.159717,-81.33822
558,OH,Perry (County),1209.19,41.159717,-81.33822
559,OH,Pickaway (County),4018.48,41.159717,-81.33822
560,OK,Adair (County),32637.900000000005,34.02015,-96.405034
561,OK,Alfalfa (County),55314.55,34.020165,-96.404192
562,OK,Atoka (County),317502.26000000007,33.880161,-96.163036
563,OK,Beckham (County),333561.63,34.711718,-94.911619
564,OK,Bryan (County),507572.45999999996,34.02015,-96.405034
565,OK,Caddo (County),121293.20999999999,34.02015,-96.405034
566,OK,Canadian (County),1315116.47,34.020165,-96.404192
567,OK,Carter (County),1220186.93,34.02015,-96.405034
568,OK,Cherokee (County),88470.92,34.711718,-94.911619
569,OK,Choctaw (County),108858.26999999999,34.711718,-94.911619
570,OK,Cleveland (County),6085169.779999999,34.020165,-96.404192
571,OK,Coal (County),12988.58,34.02015,-96.405034
572,OK,Comanche (County),2170012.0300000003,34.02015,-96.405034
573,OK,Cotton (County),97623.79999999999,34.711718,-94.911619
574,OK,Craig (County),44422.12,34.020165,-96.404192
575,OK,Creek (County),125858.97,34.020165,-96.404192
576,OK,Delaware (County),272299.67,34.020165,-96.404192
577,OK,Garfield (County),53519.21000000001,34.020165,-96.404192
578,OK,Garvin (County),39145.7,34.020165,-96.404192
579,OK,Grady (County),853274.3300000001,34.711718,-94.911619
580,OK,Hughes (County),60126.340000000004,34.020165,-96.404192
581,OK,Jefferson (County),117120.9,34.711718,-94.911619
582,OK,Johnston (County),384962.44,34.711718,-94.911619
583,OK,Kay (County),199001.55999999997,34.02015,-96.405034
584,OK,Kingfisher (County),86609.98,34.020165,-96.404192
585,OK,Kiowa (County),164213.0,34.02015,-96.405034
586,OK,Latimer (County),25286.269999999997,34.02015,-96.405034
587,OK,Le Flore (County),702025.6799999999,34.711718,-94.911619
588,OK,Lincoln (County),511060.1000000001,34.711718,-94.911619
589,OK,Logan (County),279097.38,34.02015,-96.405034
590,OK,Love (County),160975.62,34.02015,-96.405034
591,OK,Marshall (County),547999.29,34.020165,-96.404192
592,OK,Mayes (County),451228.38,34.020165,-96.404192
593,OK,McClain (County),280311.49999999994,34.020165,-96.404192
594,OK,McCurtain (County),148791.41,34.020165,-96.404192
595,OK,McIntosh (County),71570.5,34.711718,-94.911619
596,OK,Murray (County),169794.95,34.711718,-94.911619
597,OK,Muskogee (County),3790239.1700000004,34.02015,-96.405034
598,OK,Noble (County),38818.47,34.020165,-96.404192
599,OK,Nowata (County),158042.44,34.711718,-94.911619
600,OK,Okfuskee (County),354618.70999999996,34.020165,-96.404192
601,OK,Oklahoma (County),4730261.940000001,34.020165,-96.404192
602,OK,Okmulgee (County),551794.35,34.020165,-96.404192
603,OK,Osage (County),996274.5700000001,34.02015,-96.405034
604,OK,Ottawa (County),237299.34000000003,34.711718,-94.911619
605,OK,Pawnee (County),103460.17000000001,34.02015,-96.405034
606,OK,Payne (County),134287.22,34.02015,-96.405034
607,OK,Pittsburg (County),171957.15,34.711718,-94.911619
608,OK,Pontotoc (County),169486.63,34.711718,-94.911619
609,OK,Pottawatomie (County),2271519.7300000004,34.02015,-96.405034
610,OK,Pushmataha (County),74208.73,34.020165,-96.404192
611,OK,Rogers (County),674012.97,34.711718,-94.911619
612,OK,Seminole (County),381736.73000000004,34.711718,-94.911619
613,OK,Sequoyah (County),612589.94,34.711718,-94.911619
614,OK,Stephens (County),54084.1,34.711718,-94.911619
615,OK,Tillman (County),73445.72,34.020165,-96.404192
616,OK,Tulsa (County),4142703.2900000005,34.020165,-96.404192
617,OK,Wagoner (County),962963.9099999998,34.020165,-96.404192
618,OK,Washington (County),188310.23,34.020165,-96.404192
619,OK,Woods (County),42222.68,34.020165,-96.404192
620,PR,Adjuntas (Municipio),9766618.010000002,-24.5,-51.33333
621,PR,Aguada (Municipio),15826723.980000004,-24.5,-51.33333
622,PR,Aguadilla (Municipio),11511007.119999992,-24.5,-51.33333
623,PR,Aguas Buenas (Municipio),9816953.310000002,-24.5,-51.33333
624,PR,Aibonito (Municipio),13827980.34,-24.5,-51.33333
625,PR,Anasco (Municipio),14638663.729999997,-24.5,-51.33333
626,PR,Arecibo (Municipio),32158699.900000006,-24.5,-51.33333
627,PR,Arroyo (Municipio),7756893.850000001,-24.5,-51.33333
628,PR,Barceloneta (Municipio),10173310.21,-24.5,-51.33333
629,PR,Barranquitas (Municipio),16919117.009999983,-24.5,-51.33333
630,PR,Bayamon (Municipio),34793526.079999976,-24.5,-51.33333
631,PR,Cabo Rojo (Municipio),5343235.280000001,-24.5,-51.33333
632,PR,Caguas (Municipio),27590301.959999997,-24.5,-51.33333
633,PR,Camuy (Municipio),8221427.56,-24.5,-51.33333
634,PR,Canovanas (Municipio),29652231.129999995,-24.5,-51.33333
635,PR,Carolina (Municipio),19285461.749999993,-24.5,-51.33333
636,PR,Catano (Municipio),6497545.57,-24.5,-51.33333
637,PR,Cayey (Municipio),16554776.6,-24.5,-51.33333
638,PR,Ceiba (Municipio),4380511.319999999,-24.5,-51.33333
639,PR,Ciales (Municipio),12312841.629999997,-24.5,-51.33333
640,PR,Cidra (Municipio),14332604.290000001,-24.5,-51.33333
641,PR,Coamo (Municipio),13805965.099999998,-24.5,-51.33333
642,PR,Comerio (Municipio),14283237.309999999,-24.5,-51.33333
643,PR,Corozal (Municipio),20915761.179999992,-24.5,-51.33333
644,PR,Culebra (Municipio),1279681.72,-24.5,-51.33333
645,PR,Dorado (Municipio),14116717.370000001,-24.5,-51.33333
646,PR,Fajardo (Municipio),6360127.439999999,-24.5,-51.33333
647,PR,Florida (Municipio),5371227.7,-24.5,-51.33333
648,PR,Guanica (Municipio),3643976.65,-24.5,-51.33333
649,PR,Guayama (Municipio),21300428.75,-24.5,-51.33333
650,PR,Guayanilla (Municipio),5470705.3500000015,-24.5,-51.33333
651,PR,Guaynabo (Municipio),16489091.53,-24.5,-51.33333
652,PR,Gurabo (Municipio),9691054.13,-24.5,-51.33333
653,PR,Hatillo (Municipio),11027452.26,-24.5,-51.33333
654,PR,Hormigueros (Municipio),2145460.8700000006,-24.5,-51.33333
655,PR,Humacao (Municipio),25520708.279999994,-24.5,-51.33333
656,PR,Isabela (Municipio),11018010.729999999,-24.5,-51.33333
657,PR,Jayuya (Municipio),7916297.700000002,-24.5,-51.33333
658,PR,Juana Diaz (Municipio),18716610.439999998,-24.5,-51.33333
659,PR,Juncos (Municipio),12901139.87,-24.5,-51.33333
660,PR,Lajas (Municipio),3715895.07,-24.5,-51.33333
661,PR,Lares (Municipio),6753161.960000001,-24.5,-51.33333
662,PR,Las Marias (Municipio),2920886.8199999994,-24.5,-51.33333
663,PR,Las Piedras (Municipio),11940176.48,-24.5,-51.33333
664,PR,Loiza (Municipio),11949371.490000002,-24.5,-51.33333
665,PR,Luquillo (Municipio),4241622.64,-24.5,-51.33333
666,PR,Manati (Municipio),12690549.100000001,-24.5,-51.33333
667,PR,Maricao (Municipio),2187490.57,-24.5,-51.33333
668,PR,Maunabo (Municipio),7197736.390000001,-24.5,-51.33333
669,PR,Mayaguez (Municipio),13756287.729999995,-24.5,-51.33333
670,PR,Moca (Municipio),11595381.51,-24.5,-51.33333
671,PR,Morovis (Municipio),19473055.860000007,-24.5,-51.33333
672,PR,Naguabo (Municipio),11646237.940000001,-24.5,-51.33333
673,PR,Naranjito (Municipio),19294859.459999997,-24.5,-51.33333
674,PR,Orocovis (Municipio),16279298.229999999,-24.5,-51.33333
675,PR,Patillas (Municipio),9563484.68,-24.5,-51.33333
676,PR,Penuelas (Municipio),6860119.96,-24.5,-51.33333
677,PR,Ponce (Municipio),40750485.66000001,-24.5,-51.33333
678,PR,Quebradillas (Municipio),4707810.430000001,-24.5,-51.33333
679,PR,Rincon (Municipio),3856117.89,-24.5,-51.33333
680,PR,Rio Grande (Municipio),14866000.659999998,-17.3261795,-65.9598322
681,PR,Sabana Grande (Municipio),2157797.66,-24.5,-51.33333
682,PR,Salinas (Municipio),19478113.21,-24.5,-51.33333
683,PR,San German (Municipio),3770041.0500000007,-24.5,-51.33333
684,PR,San Juan (Municipio),36608330.52999999,-24.5,-51.33333
685,PR,San Lorenzo (Municipio),10252263.829999998,-24.5,-51.33333
686,PR,San Sebastian (Municipio),9424280.709999999,-24.5,-51.33333
687,PR,Santa Isabel (Municipio),8657544.040000001,-24.5,-51.33333
688,PR,Statewide,0.0,-24.5,-51.33333
689,PR,Toa Alta (Municipio),23088706.369999997,-24.5,-51.33333
690,PR,Toa Baja (Municipio),42868359.01000002,-24.5,-51.33333
691,PR,Trujillo Alto (Municipio),11887005.389999997,-24.5,-51.33333
692,PR,Utuado (Municipio),14829578.940000003,-24.5,-51.33333
693,PR,Vega Alta (Municipio),15460887.84,-24.5,-51.33333
694,PR,Vega Baja (Municipio),22987114.269999996,-24.5,-51.33333
695,PR,Vieques (Municipio),8941539.25,-24.5,-51.33333
696,PR,Villalba (Municipio),9209022.850000001,-24.5,-51.33333
697,PR,Yabucoa (Municipio),20267334.129999995,-24.5,-51.33333
698,PR,Yauco (Municipio),7340065.799999999,-24.5,-51.33333
699,SC,Allendale (County),125161.84,34.773292,-82.383665
700,SC,Bamberg (County),318126.29,34.773292,-82.383665
701,SC,Barnwell (County),21043.46,34.773292,-82.383665
702,SC,Beaufort (County),2940942.68,34.773292,-82.383665
703,SC,Berkeley (County),4510023.0200000005,34.800439,-82.396484
704,SC,Calhoun (County),382071.70999999996,34.773292,-82.383665
705,SC,Charleston (County),6300694.240000001,34.773292,-82.383665
706,SC,Chesterfield (County),717727.24,34.773292,-82.383665
707,SC,Clarendon (County),2509092.8800000004,34.773292,-82.383665
708,SC,Colleton (County),1709568.86,34.773292,-82.383665
709,SC,Cumberland (County),0.0,34.773292,-82.383665
710,SC,Darlington (County),2481372.5300000003,34.773292,-82.383665
711,SC,Dillon (County),3918924.2400000007,34.773292,-82.383665
712,SC,Dorchester (County),4184139.4000000004,34.773292,-82.383665
713,SC,Fairfield (County),136879.48,34.773292,-82.383665
714,SC,Florence (County),7821401.189999999,34.773292,-82.383665
715,SC,Georgetown (County),7801958.449999997,34.773292,-82.383665
716,SC,Greenville (County),141435.97999999998,34.773292,-82.383665
717,SC,Greenwood (County),422249.14,34.773292,-82.383665
718,SC,Hampton (County),178718.91999999998,34.773292,-82.383665
719,SC,Horry (County),24192012.12000001,34.773292,-82.383665
720,SC,Jasper (County),432684.03,34.773292,-82.383665
721,SC,Kershaw (County),1088466.3,34.773292,-82.383665
722,SC,Lee (County),1390952.02,34.773292,-82.383665
723,SC,Lexington (County),4788840.07,34.773292,-82.383665
724,SC,Marion (County),11880894.520000001,34.773292,-82.383665
725,SC,Marlboro (County),1506247.18,34.773292,-82.383665
726,SC,Newberry (County),148054.02,34.800439,-82.396484
727,SC,Orangeburg (County),3428671.38,34.773292,-82.383665
728,SC,Richland (County),15509894.629999995,34.773292,-82.383665
729,SC,Spartanburg (County),178786.66,34.773292,-82.383665
730,SC,Sumter (County),11517944.4,34.773292,-82.383665
731,SC,Williamsburg (County),8584763.870000001,34.773292,-82.383665
732,SD,Bennett (County),15023.59,44.246303,-103.655907
733,SD,Bon Homme (County),110876.95,44.358499,-103.125568
734,SD,Charles Mix (County),384112.75,43.958135,-103.495222
735,SD,Dewey (County),10726.25,44.246303,-103.655907
736,SD,Hutchinson (County),64080.520000000004,44.179621,-103.349069
737,SD,Jackson (County),33768.04,44.246303,-103.655907
738,SD,Mellette (County),16357.59,44.246303,-103.655907
739,SD,Minnehaha (County),416169.61000000004,44.246303,-103.655907
740,SD,Oglala Lakota (County),392019.38,44.062519,-103.237473
741,SD,Oglala Sioux Tribe of the Pine Ridge Reservation,362778.02999999997,44.423783,-103.531536
742,SD,Todd (County),122086.04000000001,44.246303,-103.655907
743,SD,Turner (County),115017.57,44.246303,-103.655907
744,SD,Yankton (County),350608.57,44.179621,-103.349069
745,SD,Ziebach (County),33352.32,44.246303,-103.655907
746,TN,Sevier (County),1183752.54,35.257359,-87.335501
747,TX,Anderson (County),739014.59,31.087212,-104.271552
748,TX,Angelina (County),426812.51,31.087212,-104.271552
749,TX,Aransas (County),23537077.82,31.087212,-104.271552
750,TX,Austin (County),3222445.1600000006,31.087212,-104.271552
751,TX,Bastrop (County),3293304.930000001,31.087212,-104.271552
752,TX,Bee (County),713240.6199999999,31.087212,-104.271552
753,TX,Blanco (County),512747.99,31.087212,-104.271552
754,TX,Bowie (County),303580.85,31.087212,-104.271552
755,TX,Brazoria (County),73838568.48000003,31.087212,-104.271552
756,TX,Brazos (County),717679.3900000001,31.087212,-104.271552
757,TX,Burleson (County),335940.66000000003,31.087212,-104.271552
758,TX,Caldwell (County),1438144.9500000002,31.087212,-104.271552
759,TX,Calhoun (County),3892648.24,31.087212,-104.271552
760,TX,Cameron (County),8513680.31,31.087212,-104.271552
761,TX,Chambers (County),27633355.920000006,31.087212,-104.271552
762,TX,Cherokee (County),321377.54000000004,31.087212,-104.271552
763,TX,Colorado (County),1425304.1899999995,31.087212,-104.271552
764,TX,Comal (County),320539.8,31.087212,-104.271552
765,TX,Cooke (County),165043.35,31.087212,-104.271552
766,TX,Cross (County),0.0,44.5608093,-106.5400463
767,TX,Dallas (County),1430944.9599999997,31.087212,-104.271552
768,TX,DeWitt (County),644068.3400000002,31.087212,-104.271552
769,TX,Denton (County),337936.97,31.087212,-104.271552
770,TX,Eastland (County),461845.86,31.087212,-104.271552
771,TX,Ellis (County),180214.36000000002,60.1587146,24.949404
772,TX,Erath (County),119658.59,31.087212,-104.271552
773,TX,Fannin (County),156185.38999999998,31.087212,-104.271552
774,TX,Fayette (County),5117027.109999999,31.087212,-104.271552
775,TX,Fort Bend (County),97394301.58000003,33.766503,-97.624685
776,TX,Frio (County),91910.95999999999,31.087212,-104.271552
777,TX,Gaines (County),224778.07,31.087212,-104.271552
778,TX,Galveston (County),88355433.09,31.087212,-104.271552
779,TX,Goliad (County),590520.1799999999,31.087212,-104.271552
780,TX,Gonzales (County),254727.40000000005,31.087212,-104.271552
781,TX,Grayson (County),926281.8599999999,31.087212,-104.271552
782,TX,Gregg (County),277196.66,31.087212,-104.271552
783,TX,Grimes (County),1562251.0199999998,31.087212,-104.271552
784,TX,Guadalupe (County),374766.55,31.087212,-104.271552
785,TX,Hardin (County),33618070.66,31.087212,-104.271552
786,TX,Harris (County),635035082.7499998,31.087212,-104.271552
787,TX,Harrison (County),1779362.6299999997,31.087212,-104.271552
788,TX,Hays (County),7712309.49,31.087212,-104.271552
789,TX,Henderson (County),511131.64999999997,31.087212,-104.271552
790,TX,Hidalgo (County),35711064.699999996,31.087212,-104.271552
791,TX,Hood (County),407143.39,31.087212,-104.271552
792,TX,Jackson (County),449071.18,31.087212,-104.271552
793,TX,Jasper (County),4544783.24,31.087212,-104.271552
794,TX,Jefferson (County),162696152.10999998,31.087212,-104.271552
795,TX,Jim Wells (County),1356615.2399999998,62.72429,-143.888919
796,TX,Johnson (County),304470.15,31.087212,-104.271552
797,TX,Karnes (County),216323.88,31.087212,-104.271552
798,TX,Kleberg (County),459555.07,31.087212,-104.271552
799,TX,Lavaca (County),118709.54,31.087212,-104.271552
800,TX,Lee (County),652910.95,5.2789977,95.9111652
801,TX,Liberty (County),33520838.499999993,31.087212,-104.271552
802,TX,Limestone (County),93930.98,31.087212,-104.271552
803,TX,Madison (County),68028.39,31.087212,-104.271552
804,TX,Marion (County),508113.33,31.087212,-104.271552
805,TX,Matagorda (County),4347530.49,31.087212,-104.271552
806,TX,Milam (County),59700.899999999994,31.087212,-104.271552
807,TX,Montague (County),455011.44000000006,31.087212,-104.271552
808,TX,Montgomery (County),54988627.13000001,31.087212,-104.271552
809,TX,Navarro (County),1228098.98,31.087212,-104.271552
810,TX,Newton (County),18043668.32,31.087212,-104.271552
811,TX,Nueces (County),13577791.06,31.087212,-104.271552
812,TX,Orange (County),124538402.56000002,31.087212,-104.271552
813,TX,Palo Pinto (County),128206.37,31.087212,-104.271552
814,TX,Parker (County),480048.78,31.087212,-104.271552
815,TX,Polk (County),2892424.99,31.087212,-104.271552
816,TX,Red River (County),34333.31,31.087212,-104.271552
817,TX,Refugio (County),4438717.0200000005,31.087212,-104.271552
818,TX,Rusk (County),328765.2,31.087212,-104.271552
819,TX,Sabine (County),113706.66,31.087212,-104.271552
820,TX,San Jacinto (County),8521960.9,31.087212,-104.271552
821,TX,San Patricio (County),11703933.63,31.087212,-104.271552
822,TX,Shelby (County),178904.97,31.087212,-104.271552
823,TX,Smith (County),579605.89,31.087212,-104.271552
824,TX,Stephens (County),222447.81,31.087212,-104.271552
825,TX,Travis (County),6651074.8,31.087212,-104.271552
826,TX,Trinity (County),31884.63,31.087212,-104.271552
827,TX,Tyler (County),2535047.1399999997,31.087212,-104.271552
828,TX,Van Zandt (County),437340.62,31.087212,-104.271552
829,TX,Victoria (County),8336576.82,31.087212,-104.271552
830,TX,Walker (County),1839540.55,34.534655,-83.302172
831,TX,Waller (County),8103935.089999999,31.087212,-104.271552
832,TX,Washington (County),1088383.32,31.087212,-104.271552
833,TX,Wharton (County),13279373.750000002,10.6522258,-61.4886279
834,TX,Wichita (County),244248.74,31.087212,-104.271552
835,TX,Willacy (County),1570517.26,31.087212,-104.271552
836,TX,Williamson (County),764189.11,31.087212,-104.271552
837,TX,Wilson (County),37491.67,31.087212,-104.271552
838,TX,Wise (County),446251.53,47.6709937,8.6350982
839,TX,Wood (County),76464.88,31.087212,-104.271552
840,VA,Chesapeake,794586.55,37.54812,-77.44675
841,VA,Hampton,81207.23999999999,37.54812,-77.44675
842,VA,Newport News,40166.37,37.447671,-79.83595
843,VA,Norfolk,437648.04,37.54812,-77.44675
844,VA,Portsmouth,304283.57999999996,37.54812,-77.44675
845,VA,Suffolk,439089.4199999999,37.54812,-77.44675
846,VA,Virginia Beach,5044366.67,37.54812,-77.44675
847,VI,St. Croix (Island) (County-equivalent),21018834.130000025,45.66667,11.45
848,VI,St. John (Island) (County-equivalent),9452034.959999999,45.66667,11.45
849,VI,St. Thomas (Island) (County-equivalent),22855874.949999996,45.66667,11.45
850,WA,Sauk-Suiattle Indian Reservation,15008.0,47.50012,-120.50147
851,WA,Snohomish (County),1407369.5800000005,47.364739,-122.276482
852,WV,Clay (County),4613059.3,40.421974,-80.592641
853,WV,Fayette (County),1080401.75,40.398802,-80.563505
854,WV,Greenbrier (County),12457845.970000003,40.398802,-80.563505
855,WV,Harrison (County),342138.36,40.421974,-80.592641
856,WV,Jackson (County),64458.469999999994,40.191127,-80.663673
857,WV,Kanawha (County),12389144.26,40.398802,-80.563505
858,WV,Lincoln (County),199233.65,40.191127,-80.663673
859,WV,Marion (County),649834.68,40.421974,-80.592641
860,WV,Marshall (County),556470.8400000001,40.421974,-80.592641
861,WV,Monroe (County),144400.77999999997,40.191127,-80.663673
862,WV,Nicholas (County),3185341.01,40.421974,-80.592641
863,WV,Pocahontas (County),175721.87000000002,40.421974,-80.592641
864,WV,Roane (County),1561434.38,40.421974,-80.592641
865,WV,Summers (County),376390.06,40.421974,-80.592641
866,WV,Webster (County),2405660.1100000003,40.398802,-80.563505
867,WV,Wetzel (County),887050.49,40.421974,-80.592641
868,WY,Johnson (County),101064.34,43.00024,-107.5009
869,WY,Niobrara (County),1072226.0599999998,43.00024,-107.5009
