IHP Amount for Owners,Owners Approved,Owners <$10k,Owners $10-25k,Owners $25k - Max,Owners Max,IHP Amount for Renters,Renters Approved,Renters $25k - Max,Renters Max,incidentType,fyDeclared
32272,8.0,6.0,2.0,0.0,0.0,0,0,0,0,Flood,2013.0
622024,260.0,251.0,9.0,0.0,0.0,29177,19.0,0.0,0.0,Flood,2013.0
31821,14.0,14.0,0.0,0.0,0.0,7079,4.0,0.0,0.0,Flood,2013.0
44331,11.0,9.0,2.0,0.0,0.0,0,0.0,0.0,0.0,Flood,2013.0
90293298,36895.0,35846.0,966.0,83.0,29.0,37099655,12965.0,35.0,1.0,Flood,2013.0
239669,31.0,22.0,7.0,2.0,0.0,2079,1.0,0.0,0.0,Flood,2013.0
140350,64.0,62.0,2.0,0.0,0.0,23508,15.0,0.0,0.0,Flood,2013.0
113909,22.0,20.0,2.0,0.0,0.0,4457,2.0,0.0,0.0,Flood,2013.0
13090487,3265.0,2972.0,261.0,32.0,10.0,1715682,677.0,2.0,0.0,Flood,2013.0
865677,202.0,180.0,18.0,4.0,0.0,21577,13.0,0.0,0.0,Flood,2013.0
1395364,152.0,108.0,21.0,23.0,8.0,87771,22.0,0.0,0.0,Flood,2013.0
40064,22.0,22.0,0.0,0.0,0.0,1777,1.0,0.0,0.0,Flood,2013.0
235229,94.0,93.0,1.0,0.0,0.0,11492,6.0,0.0,0.0,Flood,2013.0
1490332,540.0,522.0,16.0,2.0,1.0,242809,93.0,0.0,0.0,Flood,2013.0
962373,319.0,304.0,11.0,4.0,1.0,69880,20.0,0.0,0.0,Flood,2013.0
804988,359.0,355.0,4.0,0.0,0.0,33242,25.0,0.0,0.0,Flood,2013.0
4628301,551.0,399.0,80.0,72.0,49.0,334910,80.0,0.0,0.0,Flood,2013.0
1433995,595.0,584.0,11.0,0.0,0.0,1271100,538.0,0.0,0.0,Flood,2013.0
132196,48.0,46.0,2.0,0.0,0.0,0,0.0,0.0,0.0,Flood,2013.0
156797,44.0,41.0,3.0,0.0,0.0,3399,3.0,0.0,0.0,Flood,2013.0
255768,38.0,28.0,8.0,2.0,0.0,1560,1.0,0.0,0.0,Flood,2013.0
1035300,389.0,378.0,10.0,1.0,0.0,49524,21.0,0.0,0.0,Flood,2013.0
369305,169.0,165.0,4.0,0.0,0.0,46893,17.0,0.0,0.0,Flood,2013.0
1844081,786.0,752.0,29.0,5.0,1.0,654114,419.0,0.0,0.0,Flood,2013.0
34081,6.0,4.0,2.0,0.0,0.0,1056,1.0,0.0,0.0,Flood,2013.0
94010,37.0,36.0,1.0,0.0,0.0,0,0.0,0.0,0.0,Flood,2013.0
608295,191.0,177.0,13.0,1.0,0.0,72438,28.0,0.0,0.0,Flood,2013.0
44872,20.0,20.0,0.0,0.0,0.0,0,0.0,0.0,0.0,Flood,2013.0
620483,193.0,182.0,11.0,0.0,0.0,34983,8.0,0.0,0.0,Flood,2013.0
261895,61.0,55.0,2.0,4.0,4.0,8722,5.0,0.0,0.0,Flood,2013.0
98087,51.0,49.0,2.0,0.0,0.0,0,0.0,0.0,0.0,Flood,2013.0
56376,25.0,25.0,0.0,0.0,0.0,1858,1.0,0.0,0.0,Flood,2013.0
3703422,1406.0,1354.0,48.0,4.0,2.0,675329,268.0,0.0,0.0,Flood,2013.0
149836,70.0,66.0,4.0,0.0,0.0,4314,2.0,0.0,0.0,Flood,2013.0
778213,192.0,171.0,17.0,4.0,3.0,92343,24.0,0.0,0.0,Flood,2013.0
649953,207.0,192.0,9.0,6.0,3.0,36747,18.0,0.0,0.0,Tornado,2013.0
3055169,593.0,514.0,39.0,40.0,39.0,3874167,928.0,6.0,4.0,Tornado,2013.0
312455,16.0,5.0,3.0,8.0,1.0,4042,3.0,0.0,0.0,Tornado,2013.0
492787,51.0,35.0,7.0,9.0,7.0,18906,5.0,0.0,0.0,Tornado,2013.0
56296,10.0,8.0,1.0,1.0,1.0,0,0.0,0.0,0.0,Tornado,2013.0
129665,20.0,16.0,3.0,1.0,0.0,22883,4.0,0.0,0.0,Tornado,2013.0
2190977,664.0,618.0,39.0,7.0,4.0,2157680,856.0,1.0,0.0,Tornado,2013.0
260526,33.0,23.0,6.0,4.0,1.0,41008,9.0,0.0,0.0,Tornado,2013.0
1432357,135.0,90.0,12.0,33.0,31.0,227991,49.0,0.0,0.0,Tornado,2013.0
68624,8.0,5.0,3.0,0.0,0.0,0,0,0,0,Flood,2013.0
445503,54.0,38.0,12.0,4.0,3.0,194372,17.0,1.0,0.0,Flood,2013.0
362321,37.0,25.0,10.0,2.0,1.0,69454,11.0,0.0,0.0,Flood,2013.0
2098606,134.0,59.0,30.0,45.0,26.0,251270,31.0,2.0,0.0,Flood,2013.0
1023466,527.0,516.0,11.0,0.0,0.0,227904,88.0,0.0,0.0,Flood,2013.0
2961430,1471.0,1438.0,30.0,3.0,2.0,636569,217.0,0.0,0.0,Flood,2013.0
30274449,7789.0,7057.0,584.0,148.0,80.0,5237727,1924.0,4.0,1.0,Flood,2013.0
241676,90.0,85.0,4.0,1.0,0.0,5108,4.0,0.0,0.0,Flood,2013.0
1321537,557.0,543.0,13.0,1.0,0.0,454522,213.0,0.0,0.0,Flood,2013.0
56188,31.0,31.0,0.0,0.0,0.0,5115,2.0,0.0,0.0,Flood,2013.0
1487219,478.0,446.0,25.0,7.0,4.0,118520,37.0,0.0,0.0,Flood,2013.0
6145059,1628.0,1484.0,95.0,49.0,22.0,859484,338.0,2.0,0.0,Flood,2013.0
490908,72.0,55.0,13.0,4.0,0.0,43506,18.0,0.0,0.0,Flood,2013.0
67457,12.0,11.0,0.0,1.0,1.0,26118,7.0,0.0,0.0,Flood,2013.0
9182777,805.0,512.0,96.0,197.0,147.0,1036908,242.0,0.0,0.0,Flood,2013.0
0,0.0,0.0,0.0,0.0,0.0,124311,17.0,0.0,0.0,Tornado,2014.0
38582,5.0,4.0,0.0,1.0,0.0,601,1.0,0.0,0.0,Tornado,2014.0
34677,3.0,2.0,0.0,1.0,1.0,3474,1.0,0.0,0.0,Tornado,2014.0
36706,4.0,3.0,0.0,1.0,0.0,0,0,0,0,Tornado,2014.0
1575,1.0,1.0,0.0,0.0,0.0,0,0.0,0.0,0.0,Tornado,2014.0
858583,70.0,44.0,7.0,19.0,17.0,242867,34.0,1.0,1.0,Tornado,2014.0
65510,3.0,1.0,0.0,2.0,2.0,0,0.0,0.0,0.0,Tornado,2014.0
131082,19.0,16.0,1.0,2.0,2.0,966296,184.0,0.0,0.0,Tornado,2014.0
98684,17.0,15.0,0.0,2.0,2.0,2272,2.0,0.0,0.0,Tornado,2014.0
32400,1.0,0.0,0.0,1.0,1.0,0,0,0,0,Tornado,2014.0
28880,3.0,1.0,2.0,0.0,0.0,28967,3.0,0.0,0.0,Tornado,2014.0
60043,3.0,1.0,1.0,1.0,1.0,0,0,0,0,Tornado,2014.0
14642,2.0,1.0,1.0,0.0,0.0,8754,1.0,0.0,0.0,Tornado,2014.0
0,0.0,0.0,0.0,0.0,0.0,4124,2.0,0.0,0.0,Tornado,2014.0
15008,4.0,4.0,0.0,0.0,0.0,5349,2.0,0.0,0.0,Mud/Landslide,2014.0
1409700,372.0,360.0,2.0,10.0,9.0,659681,216.0,0.0,0.0,Mud/Landslide,2014.0
2102875,147.0,85.0,12.0,50.0,49.0,550620,120.0,1.0,0.0,Severe Storm(s),2014.0
113776,13.0,10.0,1.0,2.0,2.0,3460,3.0,0.0,0.0,Severe Storm(s),2014.0
67180,23.0,22.0,0.0,1.0,0.0,25162,7.0,0.0,0.0,Severe Storm(s),2014.0
121409,20.0,17.0,1.0,2.0,2.0,40652,7.0,0.0,0.0,Severe Storm(s),2014.0
451051,34.0,22.0,2.0,10.0,9.0,38932,9.0,0.0,0.0,Severe Storm(s),2014.0
254838,42.0,36.0,2.0,4.0,4.0,53043,14.0,0.0,0.0,Severe Storm(s),2014.0
120147,8.0,5.0,0.0,3.0,3.0,17120,1.0,0.0,0.0,Severe Storm(s),2014.0
346659,73.0,64.0,5.0,4.0,3.0,411571,145.0,2.0,2.0,Severe Storm(s),2014.0
261753,90.0,84.0,5.0,1.0,1.0,120372,41.0,0.0,0.0,Severe Storm(s),2014.0
28555,6.0,6.0,0.0,0.0,0.0,4710,2.0,0.0,0.0,Severe Storm(s),2014.0
36894,2.0,1.0,0.0,1.0,1.0,0,0,0,0,Severe Storm(s),2014.0
166819,35.0,32.0,1.0,2.0,2.0,181773,44.0,0.0,0.0,Severe Storm(s),2014.0
13546,7.0,7.0,0.0,0.0,0.0,2924,1.0,0.0,0.0,Severe Storm(s),2014.0
31121,7.0,6.0,1.0,0.0,0.0,18181,5.0,0.0,0.0,Severe Storm(s),2014.0
345936,85.0,78.0,2.0,5.0,4.0,23242,8.0,0.0,0.0,Severe Storm(s),2014.0
2170655,150.0,82.0,16.0,52.0,44.0,769083,138.0,0.0,0.0,Severe Storm(s),2014.0
7719237,1547.0,1311.0,199.0,37.0,13.0,1834786,538.0,1.0,1.0,Severe Storm(s),2014.0
155485,19.0,14.0,3.0,2.0,2.0,14633,8.0,0.0,0.0,Severe Storm(s),2014.0
69836,20.0,19.0,0.0,1.0,1.0,23146,7.0,0.0,0.0,Severe Storm(s),2014.0
463864,44.0,30.0,4.0,10.0,9.0,41550,15.0,0.0,0.0,Severe Storm(s),2014.0
966584,234.0,211.0,13.0,10.0,7.0,434157,209.0,0.0,0.0,Severe Storm(s),2014.0
267780,41.0,34.0,2.0,5.0,4.0,65241,12.0,0.0,0.0,Severe Storm(s),2014.0
841909,138.0,114.0,10.0,14.0,9.0,709013,163.0,1.0,1.0,Severe Storm(s),2014.0
4747685,2077.0,2029.0,46.0,2.0,0.0,3769759,2255.0,0.0,0.0,Severe Storm(s),2014.0
357136,52.0,41.0,7.0,4.0,4.0,22828,10.0,0.0,0.0,Severe Storm(s),2014.0
19522898,2812.0,2080.0,589.0,143.0,70.0,6718585,2128.0,1.0,1.0,Severe Storm(s),2014.0
495123,158.0,150.0,6.0,2.0,1.0,45278,29.0,0.0,0.0,Severe Storm(s),2014.0
1639397,418.0,365.0,51.0,2.0,0.0,539030,204.0,0.0,0.0,Severe Storm(s),2014.0
4503614,827.0,671.0,139.0,17.0,4.0,1001584,314.0,0.0,0.0,Severe Storm(s),2014.0
544882,168.0,156.0,11.0,1.0,0.0,101794,37.0,0.0,0.0,Severe Storm(s),2014.0
9229447,2886.0,2706.0,144.0,36.0,21.0,756055,556.0,1.0,0.0,Earthquake,2014.0
1131213,424.0,409.0,14.0,1.0,0.0,271128,399.0,0.0,0.0,Earthquake,2014.0
10493864,4481.0,4386.0,87.0,8.0,3.0,2166798,1264.0,0.0,0.0,Flood,2014.0
19067488,8892.0,8803.0,86.0,3.0,1.0,1760133,1241.0,0.0,0.0,Flood,2014.0
91869803,37534.0,36799.0,717.0,18.0,3.0,31202236,19994.0,1.0,0.0,Flood,2014.0
50871,15.0,13.0,2.0,0.0,0.0,265,1.0,0.0,0.0,Flood,2015.0
268617,41.0,30.0,10.0,1.0,0.0,63264,12.0,0.0,0.0,Flood,2015.0
337513,48.0,35.0,11.0,2.0,1.0,50968,8.0,0.0,0.0,Flood,2015.0
65348,20.0,19.0,1.0,0.0,0.0,0,0.0,0.0,0.0,Flood,2015.0
83554,29.0,27.0,2.0,0.0,0.0,5519,4.0,0.0,0.0,Flood,2015.0
1488610,465.0,438.0,27.0,0.0,0.0,888642,268.0,0.0,0.0,Flood,2015.0
317953,59.0,51.0,5.0,3.0,1.0,4806,2.0,0.0,0.0,Flood,2015.0
114748,27.0,23.0,4.0,0.0,0.0,3233,5.0,0.0,0.0,Flood,2015.0
202290,36.0,28.0,7.0,1.0,0.0,62202,27.0,0.0,0.0,Flood,2015.0
71758,17.0,15.0,2.0,0.0,0.0,3163,2.0,0.0,0.0,Flood,2015.0
32637,24.0,24.0,0.0,0.0,0.0,0,0.0,0.0,0.0,Severe Storm(s),2015.0
317502,85.0,79.0,3.0,3.0,1.0,29830,9.0,0.0,0.0,Severe Storm(s),2015.0
333562,51.0,38.0,11.0,2.0,1.0,11469,4.0,0.0,0.0,Severe Storm(s),2015.0
507574,103.0,90.0,9.0,4.0,4.0,63612,24.0,0.0,0.0,Severe Storm(s),2015.0
121292,36.0,33.0,3.0,0.0,0.0,3636,2.0,0.0,0.0,Severe Storm(s),2015.0
75242,30.0,29.0,1.0,0.0,0.0,4527,4.0,0.0,0.0,Severe Storm(s),2015.0
1220186,280.0,254.0,19.0,7.0,4.0,80859,24.0,0.0,0.0,Severe Storm(s),2015.0
17028,7.0,6.0,1.0,0.0,0.0,0,0,0,0,Severe Storm(s),2015.0
108858,14.0,11.0,1.0,2.0,2.0,9622,3.0,0.0,0.0,Severe Storm(s),2015.0
3030002,1057.0,992.0,54.0,11.0,4.0,229091,81.0,0.0,0.0,Severe Storm(s),2015.0
12989,4.0,4.0,0.0,0.0,0.0,0,0.0,0.0,0.0,Severe Storm(s),2015.0
2170011,234.0,154.0,51.0,29.0,14.0,189110,64.0,0.0,0.0,Severe Storm(s),2015.0
97624,22.0,20.0,2.0,0.0,0.0,11727,3.0,0.0,0.0,Severe Storm(s),2015.0
12250,3.0,3.0,0.0,0.0,0.0,0,0,0,0,Severe Storm(s),2015.0
39146,13.0,12.0,1.0,0.0,0.0,0,0.0,0.0,0.0,Severe Storm(s),2015.0
853273,156.0,130.0,15.0,11.0,8.0,223411,44.0,0.0,0.0,Severe Storm(s),2015.0
60127,30.0,29.0,1.0,0.0,0.0,1602,1.0,0.0,0.0,Severe Storm(s),2015.0
117122,22.0,18.0,4.0,0.0,0.0,4024,2.0,0.0,0.0,Severe Storm(s),2015.0
384963,67.0,54.0,10.0,3.0,2.0,61950,12.0,0.0,0.0,Severe Storm(s),2015.0
164212,42.0,37.0,5.0,0.0,0.0,3803,3.0,0.0,0.0,Severe Storm(s),2015.0
25286,11.0,11.0,0.0,0.0,0.0,0,0.0,0.0,0.0,Severe Storm(s),2015.0
357648,52.0,40.0,9.0,3.0,1.0,14298,6.0,0.0,0.0,Severe Storm(s),2015.0
18274,9.0,8.0,1.0,0.0,0.0,0,0,0,0,Severe Storm(s),2015.0
36685,9.0,8.0,0.0,1.0,1.0,0,0.0,0.0,0.0,Severe Storm(s),2015.0
160976,34.0,28.0,5.0,1.0,1.0,11297,1.0,0.0,0.0,Severe Storm(s),2015.0
547999,79.0,61.0,12.0,6.0,3.0,1200,2.0,0.0,0.0,Severe Storm(s),2015.0
49689,12.0,11.0,1.0,0.0,0.0,2533,1.0,0.0,0.0,Severe Storm(s),2015.0
224012,75.0,69.0,6.0,0.0,0.0,40860,12.0,0.0,0.0,Severe Storm(s),2015.0
148792,35.0,31.0,4.0,0.0,0.0,920,1.0,0.0,0.0,Severe Storm(s),2015.0
71571,48.0,47.0,1.0,0.0,0.0,3478,2.0,0.0,0.0,Severe Storm(s),2015.0
169794,26.0,21.0,3.0,2.0,1.0,0,0.0,0.0,0.0,Severe Storm(s),2015.0
224954,72.0,67.0,5.0,0.0,0.0,267,1.0,0.0,0.0,Severe Storm(s),2015.0
2539285,425.0,337.0,71.0,17.0,11.0,944563,311.0,0.0,0.0,Severe Storm(s),2015.0
232795,70.0,64.0,5.0,1.0,0.0,1252,1.0,0.0,0.0,Severe Storm(s),2015.0
11705,3.0,2.0,1.0,0.0,0.0,0,0.0,0.0,0.0,Severe Storm(s),2015.0
171958,71.0,68.0,3.0,0.0,0.0,7261,6.0,0.0,0.0,Severe Storm(s),2015.0
169484,74.0,70.0,4.0,0.0,0.0,0,0.0,0.0,0.0,Severe Storm(s),2015.0
818231,298.0,285.0,9.0,4.0,3.0,13906,8.0,0.0,0.0,Severe Storm(s),2015.0
74209,17.0,15.0,2.0,0.0,0.0,0,0.0,0.0,0.0,Severe Storm(s),2015.0
19930,6.0,5.0,1.0,0.0,0.0,9118,4.0,0.0,0.0,Severe Storm(s),2015.0
381737,152.0,146.0,6.0,0.0,0.0,32219,12.0,0.0,0.0,Severe Storm(s),2015.0
54085,23.0,22.0,1.0,0.0,0.0,0,0.0,0.0,0.0,Severe Storm(s),2015.0
73445,15.0,12.0,3.0,0.0,0.0,530,1.0,0.0,0.0,Severe Storm(s),2015.0
61202,24.0,23.0,1.0,0.0,0.0,19529,5.0,0.0,0.0,Severe Storm(s),2015.0
173763,30.0,27.0,1.0,2.0,1.0,23815,6.0,0.0,0.0,Severe Storm(s),2015.0
426813,74.0,60.0,12.0,2.0,0.0,8190,9.0,0.0,0.0,Severe Storm(s),2015.0
1047108,186.0,147.0,34.0,5.0,2.0,57423,22.0,0.0,0.0,Severe Storm(s),2015.0
512748,59.0,43.0,8.0,8.0,5.0,57383,12.0,0.0,0.0,Severe Storm(s),2015.0
303581,33.0,22.0,8.0,3.0,1.0,8199,2.0,0.0,0.0,Severe Storm(s),2015.0
350016,62.0,48.0,12.0,2.0,1.0,26983,8.0,0.0,0.0,Severe Storm(s),2015.0
965465,120.0,82.0,30.0,8.0,1.0,238273,52.0,0.0,0.0,Severe Storm(s),2015.0
259802,70.0,65.0,3.0,2.0,2.0,8788,9.0,0.0,0.0,Severe Storm(s),2015.0
165044,57.0,55.0,2.0,0.0,0.0,8830,5.0,0.0,0.0,Severe Storm(s),2015.0
1430943,279.0,241.0,36.0,2.0,2.0,420868,92.0,1.0,0.0,Severe Storm(s),2015.0
337935,81.0,75.0,2.0,4.0,2.0,39386,16.0,0.0,0.0,Severe Storm(s),2015.0
52152,11.0,10.0,0.0,1.0,1.0,0,0.0,0.0,0.0,Severe Storm(s),2015.0
180214,37.0,31.0,6.0,0.0,0.0,9611,2.0,0.0,0.0,Severe Storm(s),2015.0
106791,54.0,54.0,0.0,0.0,0.0,0,0.0,0.0,0.0,Severe Storm(s),2015.0
156185,42.0,39.0,2.0,1.0,1.0,2033,3.0,0.0,0.0,Severe Storm(s),2015.0
50612,11.0,8.0,3.0,0.0,0.0,830,1.0,0.0,0.0,Severe Storm(s),2015.0
1192548,191.0,148.0,40.0,3.0,0.0,216670,64.0,0.0,0.0,Severe Storm(s),2015.0
91911,12.0,8.0,3.0,1.0,0.0,14469,2.0,0.0,0.0,Severe Storm(s),2015.0
224778,33.0,25.0,6.0,2.0,1.0,5389,3.0,0.0,0.0,Severe Storm(s),2015.0
926281,200.0,177.0,16.0,7.0,4.0,25394,13.0,0.0,0.0,Severe Storm(s),2015.0
277886,37.0,27.0,7.0,3.0,3.0,58101,18.0,0.0,0.0,Severe Storm(s),2015.0
15980402,3015.0,2485.0,484.0,46.0,16.0,7973702,2098.0,5.0,2.0,Severe Storm(s),2015.0
148337,39.0,38.0,0.0,1.0,1.0,28526,7.0,0.0,0.0,Severe Storm(s),2015.0
5589835,492.0,286.0,121.0,85.0,54.0,2904573,609.0,3.0,0.0,Severe Storm(s),2015.0
420864,113.0,103.0,10.0,0.0,0.0,20754,6.0,0.0,0.0,Severe Storm(s),2015.0
2500594,1245.0,1217.0,25.0,3.0,2.0,276036,118.0,0.0,0.0,Severe Storm(s),2015.0
89169,22.0,20.0,2.0,0.0,0.0,13484,5.0,0.0,0.0,Severe Storm(s),2015.0
1026195,465.0,454.0,9.0,2.0,1.0,60947,47.0,0.0,0.0,Severe Storm(s),2015.0
304470,61.0,52.0,8.0,1.0,1.0,27203,6.0,0.0,0.0,Severe Storm(s),2015.0
793547,271.0,256.0,14.0,1.0,1.0,173399,81.0,0.0,0.0,Severe Storm(s),2015.0
68029,9.0,6.0,3.0,0.0,0.0,0,0.0,0.0,0.0,Severe Storm(s),2015.0
59702,23.0,23.0,0.0,0.0,0.0,11454,6.0,0.0,0.0,Severe Storm(s),2015.0
455011,64.0,50.0,10.0,4.0,3.0,20729,5.0,0.0,0.0,Severe Storm(s),2015.0
221631,45.0,41.0,4.0,0.0,0.0,7824,4.0,0.0,0.0,Severe Storm(s),2015.0
416321,90.0,75.0,15.0,0.0,0.0,26808,15.0,0.0,0.0,Severe Storm(s),2015.0
2207355,815.0,789.0,25.0,1.0,0.0,494351,186.0,0.0,0.0,Severe Storm(s),2015.0
34333,4.0,2.0,2.0,0.0,0.0,0,0,0,0,Severe Storm(s),2015.0
328765,68.0,59.0,7.0,2.0,2.0,37614,19.0,0.0,0.0,Severe Storm(s),2015.0
65938,16.0,15.0,0.0,1.0,0.0,2925,2.0,0.0,0.0,Severe Storm(s),2015.0
51413,25.0,25.0,0.0,0.0,0.0,3026,2.0,0.0,0.0,Severe Storm(s),2015.0
818462,155.0,125.0,29.0,1.0,1.0,131401,49.0,0.0,0.0,Severe Storm(s),2015.0
31885,13.0,13.0,0.0,0.0,0.0,0,0.0,0.0,0.0,Severe Storm(s),2015.0
437340,51.0,39.0,3.0,9.0,9.0,343436,65.0,2.0,2.0,Severe Storm(s),2015.0
507018,121.0,105.0,15.0,1.0,1.0,64313,23.0,0.0,0.0,Severe Storm(s),2015.0
147829,31.0,24.0,7.0,0.0,0.0,7414,6.0,0.0,0.0,Severe Storm(s),2015.0
244250,59.0,53.0,6.0,0.0,0.0,16488,11.0,0.0,0.0,Severe Storm(s),2015.0
764189,121.0,93.0,27.0,1.0,0.0,436260,81.0,0.0,0.0,Severe Storm(s),2015.0
446252,75.0,62.0,7.0,6.0,5.0,25330,13.0,0.0,0.0,Severe Storm(s),2015.0
77494,48.0,47.0,1.0,0.0,0.0,14515,7.0,0.0,0.0,Severe Storm(s),2015.0
74140,11.0,9.0,1.0,1.0,1.0,0,0.0,0.0,0.0,Severe Storm(s),2015.0
86909,13.0,10.0,2.0,1.0,1.0,17801,6.0,0.0,0.0,Severe Storm(s),2015.0
400620,71.0,58.0,11.0,2.0,0.0,16180,5.0,0.0,0.0,Severe Storm(s),2015.0
129912,27.0,23.0,3.0,1.0,1.0,21349,8.0,0.0,0.0,Severe Storm(s),2015.0
115101,12.0,8.0,2.0,2.0,0.0,0,0.0,0.0,0.0,Severe Storm(s),2015.0
91525,9.0,5.0,4.0,0.0,0.0,5458,2.0,0.0,0.0,Severe Storm(s),2015.0
68206,22.0,20.0,2.0,0.0,0.0,8439,4.0,0.0,0.0,Severe Storm(s),2015.0
37600,10.0,9.0,1.0,0.0,0.0,6667,3.0,0.0,0.0,Severe Storm(s),2015.0
101064,42.0,40.0,2.0,0.0,0.0,6700,3.0,0.0,0.0,Flood,2015.0
1072227,83.0,44.0,24.0,15.0,12.0,113356,20.0,1.0,0.0,Flood,2015.0
18072950,2410.0,1755.0,571.0,84.0,29.0,7007229,2453.0,1.0,1.0,Typhoon,2015.0
362777,259.0,258.0,0.0,1.0,0.0,76507,67.0,0.0,0.0,Severe Storm(s),2015.0
617010,154.0,141.0,13.0,0.0,0.0,12550,6.0,0.0,0.0,Severe Storm(s),2015.0
559939,127.0,113.0,10.0,4.0,3.0,25731,4.0,0.0,0.0,Severe Storm(s),2015.0
75652,11.0,9.0,1.0,1.0,0.0,22542,2.0,0.0,0.0,Severe Storm(s),2015.0
2708506,275.0,191.0,34.0,50.0,42.0,273857,47.0,0.0,0.0,Severe Storm(s),2015.0
402505,128.0,123.0,5.0,0.0,0.0,21528,3.0,0.0,0.0,Severe Storm(s),2015.0
110945,27.0,24.0,3.0,0.0,0.0,942,1.0,0.0,0.0,Severe Storm(s),2015.0
410988,77.0,66.0,10.0,1.0,1.0,48048,12.0,0.0,0.0,Severe Storm(s),2015.0
235165,41.0,33.0,7.0,1.0,1.0,47353,9.0,0.0,0.0,Severe Storm(s),2015.0
4154531,342.0,227.0,10.0,105.0,86.0,1081918,154.0,0.0,0.0,Fire,2015.0
3116156,442.0,355.0,15.0,72.0,64.0,4394167,603.0,19.0,7.0,Fire,2015.0
193444,98.0,97.0,1.0,0.0,0.0,18619,13.0,0.0,0.0,Flood,2016.0
3548740,1287.0,1230.0,51.0,6.0,1.0,459709,175.0,0.0,0.0,Flood,2016.0
330427,170.0,169.0,1.0,0.0,0.0,59011,29.0,0.0,0.0,Flood,2016.0
4790666,1603.0,1507.0,91.0,5.0,1.0,1461010,679.0,0.0,0.0,Flood,2016.0
2167092,904.0,871.0,32.0,1.0,0.0,469094,237.0,0.0,0.0,Flood,2016.0
1153943,579.0,565.0,13.0,1.0,0.0,93398,51.0,0.0,0.0,Flood,2016.0
1528737,692.0,674.0,17.0,1.0,1.0,135187,100.0,0.0,0.0,Flood,2016.0
3434315,880.0,778.0,94.0,8.0,1.0,844856,307.0,1.0,0.0,Flood,2016.0
136879,94.0,94.0,0.0,0.0,0.0,6693,7.0,0.0,0.0,Flood,2016.0
4606434,1587.0,1496.0,80.0,11.0,4.0,714717,370.0,0.0,0.0,Flood,2016.0
6247275,1068.0,880.0,119.0,69.0,45.0,628425,213.0,0.0,0.0,Flood,2016.0
141438,68.0,65.0,3.0,0.0,0.0,11507,5.0,0.0,0.0,Flood,2016.0
422249,146.0,136.0,10.0,0.0,0.0,46756,16.0,0.0,0.0,Flood,2016.0
3894273,1264.0,1169.0,91.0,4.0,2.0,585232,240.0,0.0,0.0,Flood,2016.0
1088466,422.0,401.0,17.0,4.0,2.0,102567,51.0,0.0,0.0,Flood,2016.0
1162127,465.0,449.0,15.0,1.0,0.0,159149,90.0,0.0,0.0,Flood,2016.0
4788840,1210.0,1083.0,99.0,28.0,7.0,976042,314.0,0.0,0.0,Flood,2016.0
351393,163.0,161.0,2.0,0.0,0.0,51999,25.0,0.0,0.0,Flood,2016.0
148055,93.0,92.0,1.0,0.0,0.0,32803,18.0,0.0,0.0,Flood,2016.0
2464845,1319.0,1294.0,25.0,0.0,0.0,334342,222.0,0.0,0.0,Flood,2016.0
15509894,4197.0,3833.0,285.0,79.0,45.0,4591340,1501.0,3.0,0.0,Flood,2016.0
178787,76.0,73.0,3.0,0.0,0.0,20190,6.0,0.0,0.0,Flood,2016.0
11125518,2435.0,2112.0,262.0,61.0,21.0,1809420,753.0,1.0,0.0,Flood,2016.0
6500703,1672.0,1522.0,113.0,37.0,12.0,552417,253.0,0.0,0.0,Flood,2016.0
455574,65.0,50.0,11.0,4.0,2.0,109439,15.0,0.0,0.0,Severe Storm(s),2016.0
336340,34.0,25.0,3.0,6.0,5.0,22798,6.0,0.0,0.0,Severe Storm(s),2016.0
190529,38.0,33.0,4.0,1.0,1.0,70315,11.0,0.0,0.0,Severe Storm(s),2016.0
348400,151.0,143.0,8.0,0.0,0.0,44536,24.0,0.0,0.0,Severe Storm(s),2016.0
320540,56.0,45.0,10.0,1.0,0.0,32150,10.0,0.0,0.0,Severe Storm(s),2016.0
39302,12.0,12.0,0.0,0.0,0.0,16757,6.0,0.0,0.0,Severe Storm(s),2016.0
96880,16.0,13.0,2.0,1.0,1.0,19960,4.0,0.0,0.0,Severe Storm(s),2016.0
442343,76.0,56.0,20.0,0.0,0.0,19613,13.0,0.0,0.0,Severe Storm(s),2016.0
864405,196.0,169.0,27.0,0.0,0.0,578082,143.0,1.0,0.0,Severe Storm(s),2016.0
2122476,294.0,212.0,74.0,8.0,1.0,788397,157.0,2.0,1.0,Severe Storm(s),2016.0
2721577,603.0,514.0,86.0,3.0,1.0,316315,95.0,0.0,0.0,Severe Storm(s),2016.0
890731,205.0,179.0,24.0,2.0,0.0,75045,35.0,0.0,0.0,Severe Storm(s),2016.0
811778,248.0,232.0,14.0,2.0,1.0,30339,16.0,0.0,0.0,Severe Storm(s),2016.0
5396209,428.0,204.0,162.0,62.0,25.0,972631,169.0,1.0,0.0,Severe Storm(s),2016.0
415191,152.0,144.0,8.0,0.0,0.0,27088,17.0,0.0,0.0,Severe Storm(s),2016.0
37492,7.0,5.0,2.0,0.0,0.0,11152,3.0,0.0,0.0,Severe Storm(s),2016.0
400761,31.0,18.0,3.0,10.0,10.0,38301,10.0,0.0,0.0,Severe Storm(s),2016.0
212160,29.0,23.0,2.0,4.0,2.0,82240,28.0,0.0,0.0,Severe Storm(s),2016.0
840669,67.0,43.0,4.0,20.0,18.0,225969,34.0,3.0,2.0,Severe Storm(s),2016.0
282321,40.0,28.0,11.0,1.0,1.0,24455,6.0,0.0,0.0,Severe Storm(s),2016.0
19585,6.0,6.0,0.0,0.0,0.0,10963,4.0,0.0,0.0,Severe Storm(s),2016.0
26273,2.0,1.0,1.0,0.0,0.0,0,0.0,0.0,0.0,Severe Storm(s),2016.0
274183,28.0,21.0,1.0,6.0,4.0,49390,9.0,0.0,0.0,Severe Storm(s),2016.0
366552,19.0,8.0,2.0,9.0,5.0,43107,12.0,0.0,0.0,Severe Storm(s),2016.0
85939,24.0,21.0,3.0,0.0,0.0,25916,11.0,0.0,0.0,Flood,2016.0
2606,2.0,2.0,0.0,0.0,0.0,0,0.0,0.0,0.0,Flood,2016.0
287340,32.0,22.0,6.0,4.0,0.0,2986,1.0,0.0,0.0,Flood,2016.0
181414,24.0,18.0,3.0,3.0,0.0,57323,14.0,0.0,0.0,Flood,2016.0
47104,10.0,9.0,1.0,0.0,0.0,8280,2.0,0.0,0.0,Flood,2016.0
35696,9.0,8.0,1.0,0.0,0.0,0,0,0,0,Flood,2016.0
1195133,113.0,76.0,16.0,21.0,8.0,444996,96.0,0.0,0.0,Flood,2016.0
173120,24.0,19.0,4.0,1.0,1.0,942,1.0,0.0,0.0,Flood,2016.0
549176,256.0,253.0,1.0,2.0,2.0,23164,15.0,0.0,0.0,Flood,2016.0
2191,1.0,1.0,0.0,0.0,0.0,0,0,0,0,Flood,2016.0
313134,28.0,18.0,3.0,7.0,3.0,42408,8.0,0.0,0.0,Flood,2016.0
3752751,369.0,240.0,78.0,51.0,24.0,640257,116.0,0.0,0.0,Flood,2016.0
92860,17.0,15.0,1.0,1.0,1.0,2542,2.0,0.0,0.0,Flood,2016.0
109959,20.0,16.0,4.0,0.0,0.0,611,1.0,0.0,0.0,Flood,2016.0
111824,16.0,12.0,3.0,1.0,1.0,0,0.0,0.0,0.0,Flood,2016.0
39586,7.0,5.0,2.0,0.0,0.0,1908,1.0,0.0,0.0,Flood,2016.0
289328,61.0,53.0,6.0,2.0,1.0,71512,20.0,0.0,0.0,Flood,2016.0
64687,10.0,8.0,2.0,0.0,0.0,0,0.0,0.0,0.0,Flood,2016.0
204481,33.0,27.0,3.0,3.0,2.0,35435,11.0,0.0,0.0,Flood,2016.0
101049,11.0,7.0,3.0,1.0,1.0,0,0.0,0.0,0.0,Flood,2016.0
92741,31.0,30.0,0.0,1.0,1.0,51430,12.0,0.0,0.0,Flood,2016.0
6483,7.0,7.0,0.0,0.0,0.0,0,0.0,0.0,0.0,Flood,2016.0
234087,33.0,27.0,3.0,3.0,1.0,11868,4.0,0.0,0.0,Flood,2016.0
93512,12.0,8.0,3.0,1.0,0.0,0,0,0,0,Flood,2016.0
557547,151.0,140.0,9.0,2.0,1.0,41181,15.0,0.0,0.0,Flood,2016.0
37645,17.0,17.0,0.0,0.0,0.0,0,0,0,0,Flood,2016.0
2067041,506.0,456.0,37.0,13.0,4.0,480844,195.0,0.0,0.0,Flood,2016.0
95406,12.0,10.0,1.0,1.0,1.0,1112,1.0,0.0,0.0,Flood,2016.0
89646,14.0,12.0,0.0,2.0,0.0,3432,2.0,0.0,0.0,Flood,2016.0
155636,40.0,37.0,2.0,1.0,0.0,52687,16.0,0.0,0.0,Flood,2016.0
36111,5.0,4.0,0.0,1.0,0.0,0,0.0,0.0,0.0,Flood,2016.0
41771,14.0,13.0,1.0,0.0,0.0,3422,2.0,0.0,0.0,Flood,2016.0
6965,4.0,4.0,0.0,0.0,0.0,0,0.0,0.0,0.0,Flood,2016.0
111620,40.0,38.0,1.0,1.0,0.0,723,3.0,0.0,0.0,Severe Storm(s),2016.0
57130,10.0,7.0,3.0,0.0,0.0,5686,2.0,0.0,0.0,Severe Storm(s),2016.0
16863,12.0,12.0,0.0,0.0,0.0,5976,2.0,0.0,0.0,Severe Storm(s),2016.0
103038,25.0,20.0,5.0,0.0,0.0,1536,1.0,0.0,0.0,Severe Storm(s),2016.0
39370,11.0,10.0,0.0,1.0,0.0,0,0.0,0.0,0.0,Severe Storm(s),2016.0
237437,48.0,39.0,9.0,0.0,0.0,3384,2.0,0.0,0.0,Severe Storm(s),2016.0
51146,4.0,2.0,1.0,1.0,1.0,0,0.0,0.0,0.0,Severe Storm(s),2016.0
96108,7.0,2.0,5.0,0.0,0.0,0,0,0,0,Severe Storm(s),2016.0
390118,37.0,24.0,8.0,5.0,2.0,6063,3.0,0.0,0.0,Severe Storm(s),2016.0
15034,5.0,4.0,1.0,0.0,0.0,0,0.0,0.0,0.0,Severe Storm(s),2016.0
71992,6.0,3.0,2.0,1.0,1.0,0,0,0,0,Severe Storm(s),2016.0
529211,55.0,33.0,18.0,4.0,2.0,10218,8.0,0.0,0.0,Flood,2016.0
220611,48.0,42.0,6.0,0.0,0.0,52074,21.0,0.0,0.0,Flood,2016.0
12257,7.0,7.0,0.0,0.0,0.0,0,0.0,0.0,0.0,Flood,2016.0
1645412,111.0,51.0,27.0,33.0,16.0,68658,16.0,0.0,0.0,Flood,2016.0
995629,101.0,61.0,27.0,13.0,5.0,57190,17.0,0.0,0.0,Flood,2016.0
2868082,430.0,320.0,91.0,19.0,7.0,242864,94.0,0.0,0.0,Flood,2016.0
2460863,350.0,260.0,71.0,19.0,5.0,408556,133.0,0.0,0.0,Flood,2016.0
3101352,317.0,198.0,77.0,42.0,13.0,160733,63.0,0.0,0.0,Flood,2016.0
820206,260.0,235.0,21.0,4.0,1.0,75022,48.0,0.0,0.0,Flood,2016.0
293404,63.0,57.0,2.0,4.0,1.0,12820,7.0,0.0,0.0,Flood,2016.0
452560,75.0,59.0,14.0,2.0,1.0,94569,24.0,0.0,0.0,Flood,2016.0
420491,61.0,46.0,11.0,4.0,2.0,65236,14.0,0.0,0.0,Flood,2016.0
302249,96.0,90.0,6.0,0.0,0.0,50579,53.0,0.0,0.0,Flood,2016.0
85648,36.0,33.0,3.0,0.0,0.0,5484,7.0,0.0,0.0,Flood,2016.0
1599775,212.0,154.0,44.0,14.0,2.0,105882,33.0,0.0,0.0,Flood,2016.0
124613,21.0,15.0,6.0,0.0,0.0,3606,4.0,0.0,0.0,Flood,2016.0
483388,48.0,36.0,2.0,10.0,8.0,30530,8.0,0.0,0.0,Flood,2016.0
120147,36.0,33.0,3.0,0.0,0.0,19529,15.0,0.0,0.0,Flood,2016.0
1255345,283.0,253.0,28.0,2.0,0.0,185144,70.0,0.0,0.0,Flood,2016.0
58332,18.0,16.0,2.0,0.0,0.0,38652,23.0,0.0,0.0,Flood,2016.0
3531046,551.0,420.0,113.0,18.0,7.0,913765,276.0,0.0,0.0,Flood,2016.0
2981728,333.0,221.0,78.0,34.0,18.0,222692,88.0,0.0,0.0,Flood,2016.0
17548347,2355.0,1627.0,646.0,82.0,25.0,10629181,2758.0,3.0,0.0,Flood,2016.0
708302,100.0,79.0,11.0,10.0,2.0,49449,25.0,0.0,0.0,Flood,2016.0
171669,28.0,22.0,4.0,2.0,1.0,6789,3.0,0.0,0.0,Flood,2016.0
1603690,268.0,199.0,63.0,6.0,4.0,382760,152.0,0.0,0.0,Flood,2016.0
174669,45.0,40.0,4.0,1.0,0.0,8315,3.0,0.0,0.0,Flood,2016.0
489366,132.0,125.0,7.0,0.0,0.0,104385,23.0,0.0,0.0,Flood,2016.0
5410552,761.0,552.0,185.0,24.0,8.0,673963,178.0,0.0,0.0,Flood,2016.0
9131346,1530.0,1206.0,303.0,21.0,3.0,2797749,828.0,2.0,0.0,Flood,2016.0
1935645,261.0,188.0,55.0,18.0,7.0,86647,35.0,0.0,0.0,Flood,2016.0
4066214,254.0,104.0,71.0,79.0,51.0,124528,31.0,0.0,0.0,Flood,2016.0
4938708,622.0,437.0,140.0,45.0,15.0,1046078,312.0,1.0,0.0,Flood,2016.0
2689012,315.0,216.0,72.0,27.0,11.0,174097,51.0,0.0,0.0,Flood,2016.0
918436,191.0,157.0,33.0,1.0,0.0,82867,38.0,0.0,0.0,Flood,2016.0
1345105,127.0,75.0,33.0,19.0,9.0,139470,33.0,0.0,0.0,Flood,2016.0
12868,7.0,7.0,0.0,0.0,0.0,43720,22.0,0.0,0.0,Flood,2016.0
277197,52.0,42.0,8.0,2.0,0.0,24792,6.0,0.0,0.0,Flood,2016.0
1631027,157.0,98.0,39.0,20.0,4.0,24426,7.0,0.0,0.0,Flood,2016.0
90267,19.0,17.0,1.0,1.0,0.0,0,0.0,0.0,0.0,Flood,2016.0
5402,4.0,4.0,0.0,0.0,0.0,29240,4.0,0.0,0.0,Flood,2016.0
364990,72.0,59.0,11.0,2.0,1.0,65122,24.0,0.0,0.0,Flood,2016.0
93931,23.0,20.0,3.0,0.0,0.0,10808,3.0,0.0,0.0,Flood,2016.0
508113,56.0,38.0,8.0,10.0,1.0,34042,2.0,1.0,1.0,Flood,2016.0
14190473,855.0,296.0,311.0,248.0,101.0,491423,116.0,0.0,0.0,Flood,2016.0
2675143,267.0,169.0,57.0,41.0,16.0,289862,100.0,0.0,0.0,Flood,2016.0
68649,7.0,3.0,4.0,0.0,0.0,4609,2.0,0.0,0.0,Flood,2016.0
112966,25.0,21.0,4.0,0.0,0.0,10241,5.0,0.0,0.0,Flood,2016.0
135849,24.0,21.0,3.0,0.0,0.0,10191,6.0,0.0,0.0,Flood,2016.0
856006,131.0,92.0,38.0,1.0,0.0,139236,50.0,0.0,0.0,Flood,2016.0
135918,19.0,14.0,5.0,0.0,0.0,1103,1.0,0.0,0.0,Flood,2016.0
1821590,155.0,71.0,67.0,17.0,3.0,199434,45.0,0.0,0.0,Flood,2016.0
287716,60.0,50.0,9.0,1.0,0.0,84461,21.0,0.0,0.0,Flood,2016.0
56318,22.0,22.0,0.0,0.0,0.0,1034,1.0,0.0,0.0,Flood,2016.0
155613,26.0,20.0,5.0,1.0,0.0,23828,9.0,0.0,0.0,Flood,2016.0
164669,36.0,30.0,6.0,0.0,0.0,25830,7.0,0.0,0.0,Flood,2016.0
329214,44.0,32.0,9.0,3.0,1.0,23733,7.0,0.0,0.0,Flood,2016.0
85424,19.0,18.0,1.0,0.0,0.0,3951,3.0,0.0,0.0,Flood,2016.0
298734,50.0,40.0,8.0,2.0,0.0,18953,10.0,0.0,0.0,Flood,2016.0
856381,97.0,64.0,26.0,7.0,2.0,30481,10.0,0.0,0.0,Flood,2016.0
458993,82.0,62.0,19.0,1.0,0.0,48027,16.0,0.0,0.0,Flood,2016.0
119244,20.0,16.0,3.0,1.0,0.0,14182,9.0,0.0,0.0,Flood,2016.0
107186,37.0,34.0,3.0,0.0,0.0,8326,10.0,0.0,0.0,Flood,2016.0
56164,16.0,14.0,2.0,0.0,0.0,10662,6.0,0.0,0.0,Flood,2016.0
1391459,247.0,199.0,45.0,3.0,1.0,293162,123.0,0.0,0.0,Flood,2016.0
36704,13.0,12.0,1.0,0.0,0.0,393,1.0,0.0,0.0,Flood,2016.0
739015,72.0,38.0,27.0,7.0,3.0,57297,11.0,0.0,0.0,Flood,2016.0
1059865,144.0,98.0,40.0,6.0,1.0,133722,31.0,0.0,0.0,Flood,2016.0
61576,19.0,18.0,1.0,0.0,0.0,2154,2.0,0.0,0.0,Flood,2016.0
267571,32.0,22.0,7.0,3.0,1.0,14734,3.0,0.0,0.0,Flood,2016.0
136404,25.0,18.0,7.0,0.0,0.0,9327,3.0,0.0,0.0,Flood,2016.0
580002,87.0,64.0,22.0,1.0,0.0,102125,23.0,0.0,0.0,Flood,2016.0
333064,78.0,68.0,9.0,1.0,0.0,34779,15.0,0.0,0.0,Flood,2016.0
29423367,4443.0,3328.0,1023.0,92.0,27.0,18160737,3804.0,4.0,1.0,Flood,2016.0
418254,98.0,86.0,10.0,2.0,2.0,41087,19.0,0.0,0.0,Flood,2016.0
4955281,653.0,464.0,159.0,30.0,12.0,787149,188.0,2.0,0.0,Flood,2016.0
336498,92.0,85.0,6.0,1.0,0.0,16068,7.0,0.0,0.0,Flood,2016.0
277904,89.0,84.0,3.0,2.0,2.0,12044,7.0,0.0,0.0,Flood,2016.0
528194,91.0,71.0,18.0,2.0,1.0,30953,7.0,0.0,0.0,Flood,2016.0
3099287,342.0,217.0,99.0,26.0,12.0,465887,108.0,0.0,0.0,Flood,2016.0
399410,75.0,58.0,15.0,2.0,1.0,151712,43.0,1.0,1.0,Flood,2016.0
76465,10.0,8.0,1.0,1.0,1.0,1900,1.0,0.0,0.0,Flood,2016.0
1128506,116.0,75.0,22.0,19.0,6.0,118594,26.0,0.0,0.0,Flood,2016.0
1104588,175.0,132.0,39.0,4.0,0.0,107082,30.0,0.0,0.0,Flood,2016.0
7900744,856.0,543.0,237.0,76.0,15.0,540922,135.0,1.0,0.0,Flood,2016.0
717681,120.0,98.0,18.0,4.0,1.0,198122,58.0,0.0,0.0,Flood,2016.0
335941,71.0,56.0,15.0,0.0,0.0,26005,9.0,0.0,0.0,Flood,2016.0
409695,51.0,33.0,16.0,2.0,1.0,984,1.0,0.0,0.0,Flood,2016.0
121968,17.0,12.0,5.0,0.0,0.0,2367,2.0,0.0,0.0,Flood,2016.0
7871900,646.0,367.0,152.0,127.0,61.0,860125,141.0,0.0,0.0,Flood,2016.0
604144,140.0,124.0,14.0,2.0,2.0,62171,29.0,0.0,0.0,Flood,2016.0
1450726,227.0,174.0,44.0,9.0,3.0,285934,83.0,0.0,0.0,Flood,2016.0
533558,208.0,201.0,7.0,0.0,0.0,36238,22.0,0.0,0.0,Flood,2016.0
312571,68.0,57.0,11.0,0.0,0.0,58744,24.0,0.0,0.0,Flood,2016.0
143426,55.0,53.0,1.0,1.0,0.0,60600,26.0,0.0,0.0,Flood,2016.0
383833,31.0,17.0,7.0,7.0,1.0,10670,3.0,0.0,0.0,Flood,2016.0
539123,158.0,144.0,13.0,1.0,0.0,73247,27.0,0.0,0.0,Flood,2016.0
8186118,1031.0,725.0,235.0,71.0,31.0,1900943,370.0,5.0,1.0,Flood,2016.0
128206,17.0,10.0,6.0,1.0,1.0,1148,1.0,0.0,0.0,Flood,2016.0
74901,18.0,15.0,3.0,0.0,0.0,259,1.0,0.0,0.0,Flood,2016.0
551734,94.0,77.0,15.0,2.0,1.0,28413,17.0,0.0,0.0,Flood,2016.0
222448,32.0,21.0,11.0,0.0,0.0,28739,8.0,0.0,0.0,Flood,2016.0
436401,62.0,47.0,12.0,3.0,1.0,92938,20.0,0.0,0.0,Flood,2016.0
264245,37.0,28.0,7.0,2.0,0.0,1110,1.0,0.0,0.0,Flood,2016.0
1518062,157.0,99.0,39.0,19.0,8.0,54488,17.0,0.0,0.0,Flood,2016.0
1088383,218.0,186.0,20.0,12.0,5.0,73794,41.0,0.0,0.0,Flood,2016.0
4613061,548.0,402.0,85.0,61.0,37.0,217854,42.0,0.0,0.0,Flood,2016.0
1080400,205.0,175.0,18.0,12.0,6.0,36272,15.0,0.0,0.0,Flood,2016.0
12457847,1187.0,755.0,215.0,217.0,100.0,1470573,303.0,1.0,0.0,Flood,2016.0
64458,25.0,23.0,2.0,0.0,0.0,2196,2.0,0.0,0.0,Flood,2016.0
12389144,1120.0,682.0,243.0,195.0,101.0,1388232,268.0,0.0,0.0,Flood,2016.0
199234,48.0,42.0,5.0,1.0,0.0,10188,5.0,0.0,0.0,Flood,2016.0
144402,31.0,26.0,5.0,0.0,0.0,31087,12.0,0.0,0.0,Flood,2016.0
3218339,488.0,388.0,59.0,41.0,23.0,246159,71.0,0.0,0.0,Flood,2016.0
175723,39.0,35.0,3.0,1.0,0.0,3478,3.0,0.0,0.0,Flood,2016.0
1561434,175.0,123.0,30.0,22.0,9.0,78534,20.0,0.0,0.0,Flood,2016.0
376390,72.0,58.0,13.0,1.0,1.0,42328,16.0,0.0,0.0,Flood,2016.0
2405660,231.0,147.0,39.0,45.0,25.0,109375,24.0,0.0,0.0,Flood,2016.0
6658279,1224.0,984.0,221.0,19.0,7.0,1161974,455.0,0.0,0.0,Flood,2016.0
51723644,5749.0,3744.0,1453.0,552.0,187.0,6666268,1398.0,4.0,0.0,Flood,2016.0
535063,157.0,143.0,14.0,0.0,0.0,96625,68.0,0.0,0.0,Flood,2016.0
308400513,22429.0,9930.0,7975.0,4524.0,1671.0,73901696,12557.0,118.0,29.0,Flood,2016.0
4981455,421.0,235.0,110.0,76.0,40.0,498267,101.0,1.0,0.0,Flood,2016.0
2143064,383.0,299.0,81.0,3.0,1.0,368210,158.0,0.0,0.0,Flood,2016.0
4871198,1091.0,974.0,108.0,9.0,3.0,1616162,487.0,0.0,0.0,Flood,2016.0
1127166,232.0,194.0,34.0,4.0,1.0,132284,43.0,0.0,0.0,Flood,2016.0
1272616,323.0,285.0,37.0,1.0,0.0,136896,71.0,0.0,0.0,Flood,2016.0
32765554,3941.0,2513.0,1246.0,182.0,52.0,2953369,906.0,2.0,1.0,Flood,2016.0
182742967,14911.0,7893.0,4282.0,2736.0,1139.0,26875232,4856.0,20.0,4.0,Flood,2016.0
1274337,302.0,267.0,33.0,2.0,1.0,305650,92.0,0.0,0.0,Flood,2016.0
4000601,543.0,409.0,94.0,40.0,17.0,454722,100.0,2.0,2.0,Flood,2016.0
262100,61.0,54.0,7.0,0.0,0.0,13005,8.0,0.0,0.0,Flood,2016.0
4469049,1027.0,875.0,147.0,5.0,1.0,1102206,405.0,0.0,0.0,Flood,2016.0
5140899,937.0,759.0,161.0,17.0,5.0,422145,159.0,0.0,0.0,Flood,2016.0
529443,164.0,152.0,12.0,0.0,0.0,106103,25.0,0.0,0.0,Flood,2016.0
29645964,3744.0,2582.0,945.0,217.0,64.0,4961236,1294.0,4.0,1.0,Flood,2016.0
8687136,1421.0,1108.0,260.0,53.0,17.0,1486577,405.0,1.0,0.0,Flood,2016.0
446551,119.0,108.0,7.0,4.0,1.0,49177,27.0,0.0,0.0,Flood,2016.0
155460,62.0,61.0,1.0,0.0,0.0,26057,14.0,0.0,0.0,Flood,2016.0
674528,85.0,58.0,23.0,4.0,1.0,70424,19.0,0.0,0.0,Flood,2016.0
1941734,348.0,275.0,68.0,5.0,0.0,423369,120.0,1.0,0.0,Hurricane,2016.0
1094264,149.0,104.0,44.0,1.0,0.0,39480,18.0,0.0,0.0,Hurricane,2016.0
467558,109.0,98.0,11.0,0.0,0.0,143344,40.0,1.0,0.0,Hurricane,2016.0
102512,27.0,25.0,1.0,1.0,1.0,34343,11.0,0.0,0.0,Hurricane,2016.0
369241,131.0,122.0,8.0,1.0,1.0,158457,79.0,0.0,0.0,Hurricane,2016.0
460535,99.0,82.0,17.0,0.0,0.0,82273,23.0,0.0,0.0,Hurricane,2016.0
259871,44.0,38.0,5.0,1.0,1.0,480192,139.0,0.0,0.0,Hurricane,2016.0
1301379,299.0,270.0,28.0,1.0,0.0,347678,119.0,0.0,0.0,Hurricane,2016.0
232116,65.0,59.0,6.0,0.0,0.0,24436,21.0,0.0,0.0,Hurricane,2016.0
651433,108.0,79.0,28.0,1.0,0.0,44609,13.0,0.0,0.0,Hurricane,2016.0
56519,22.0,21.0,1.0,0.0,0.0,9827,6.0,0.0,0.0,Hurricane,2016.0
856616,408.0,397.0,11.0,0.0,0.0,486939,254.0,1.0,0.0,Hurricane,2017.0
1372023,511.0,490.0,19.0,2.0,1.0,394516,164.0,0.0,0.0,Hurricane,2017.0
1060559,323.0,295.0,26.0,2.0,1.0,159272,76.0,0.0,0.0,Hurricane,2017.0
154843,62.0,59.0,3.0,0.0,0.0,57123,42.0,0.0,0.0,Hurricane,2017.0
216259,93.0,92.0,0.0,1.0,1.0,48256,16.0,0.0,0.0,Hurricane,2017.0
952660,316.0,295.0,19.0,2.0,1.0,134305,89.0,0.0,0.0,Hurricane,2017.0
138481,56.0,55.0,0.0,1.0,1.0,35224,19.0,0.0,0.0,Hurricane,2017.0
7081021,1378.0,1132.0,233.0,13.0,1.0,1694402,537.0,1.0,0.0,Hurricane,2017.0
5091287,1890.0,1813.0,65.0,12.0,10.0,1165522,588.0,1.0,0.0,Hurricane,2017.0
324304,85.0,77.0,7.0,1.0,1.0,40396,19.0,0.0,0.0,Hurricane,2017.0
288632,65.0,60.0,2.0,3.0,3.0,26405,13.0,0.0,0.0,Hurricane,2017.0
2441617,596.0,530.0,51.0,15.0,9.0,1338506,571.0,0.0,0.0,Hurricane,2017.0
312944,98.0,94.0,4.0,0.0,0.0,28664,14.0,0.0,0.0,Hurricane,2017.0
77447,27.0,27.0,0.0,0.0,0.0,18672,6.0,0.0,0.0,Hurricane,2017.0
565855,148.0,126.0,21.0,1.0,1.0,366265,162.0,0.0,0.0,Hurricane,2017.0
190629,70.0,66.0,4.0,0.0,0.0,62210,26.0,0.0,0.0,Hurricane,2017.0
57972,31.0,31.0,0.0,0.0,0.0,27994,11.0,0.0,0.0,Hurricane,2017.0
284088,81.0,77.0,1.0,3.0,3.0,22351,13.0,0.0,0.0,Hurricane,2017.0
93805,31.0,30.0,0.0,1.0,1.0,36337,24.0,0.0,0.0,Hurricane,2017.0
22749,9.0,8.0,1.0,0.0,0.0,1112,1.0,0.0,0.0,Hurricane,2017.0
273248,126.0,122.0,4.0,0.0,0.0,297508,100.0,0.0,0.0,Hurricane,2017.0
665118,224.0,214.0,8.0,2.0,1.0,256658,80.0,0.0,0.0,Hurricane,2017.0
2208014,678.0,629.0,37.0,12.0,4.0,238095,143.0,0.0,0.0,Hurricane,2017.0
329047,97.0,89.0,8.0,0.0,0.0,31058,19.0,0.0,0.0,Hurricane,2017.0
237540,63.0,53.0,10.0,0.0,0.0,27810,12.0,0.0,0.0,Hurricane,2017.0
63720,14.0,12.0,1.0,1.0,1.0,11203,3.0,0.0,0.0,Hurricane,2017.0
1006,2.0,2.0,0.0,0.0,0.0,13086,8.0,0.0,0.0,Hurricane,2017.0
101691,48.0,46.0,2.0,0.0,0.0,14419,10.0,0.0,0.0,Hurricane,2017.0
4948543,1256.0,1113.0,118.0,25.0,12.0,1436830,632.0,0.0,0.0,Hurricane,2017.0
566823,127.0,108.0,17.0,2.0,1.0,126178,35.0,1.0,0.0,Hurricane,2017.0
10749739,2476.0,2123.0,268.0,85.0,41.0,5523372,2575.0,4.0,1.0,Hurricane,2017.0
230758,62.0,55.0,6.0,1.0,1.0,41104,15.0,0.0,0.0,Hurricane,2017.0
979113,282.0,259.0,20.0,3.0,1.0,427807,157.0,0.0,0.0,Hurricane,2017.0
999053,324.0,303.0,20.0,1.0,0.0,202723,106.0,0.0,0.0,Hurricane,2017.0
6704918,1055.0,839.0,134.0,82.0,39.0,3126462,760.0,2.0,0.0,Hurricane,2017.0
165523,48.0,44.0,3.0,1.0,0.0,39248,6.0,0.0,0.0,Hurricane,2017.0
560146,116.0,95.0,20.0,1.0,0.0,95949,37.0,0.0,0.0,Hurricane,2017.0
291161,104.0,99.0,5.0,0.0,0.0,95107,39.0,0.0,0.0,Hurricane,2017.0
1243265,312.0,273.0,31.0,8.0,3.0,183374,68.0,0.0,0.0,Hurricane,2017.0
260564,99.0,92.0,6.0,1.0,1.0,58493,33.0,0.0,0.0,Hurricane,2017.0
675976,275.0,262.0,12.0,1.0,0.0,99576,53.0,0.0,0.0,Hurricane,2017.0
81174,42.0,42.0,0.0,0.0,0.0,36572,9.0,0.0,0.0,Hurricane,2017.0
1807044,310.0,253.0,41.0,16.0,6.0,527970,151.0,0.0,0.0,Hurricane,2017.0
372622,85.0,75.0,9.0,1.0,1.0,25123,8.0,0.0,0.0,Hurricane,2017.0
161722,54.0,50.0,3.0,1.0,1.0,11295,7.0,0.0,0.0,Hurricane,2017.0
2542816,685.0,607.0,71.0,7.0,2.0,1708611,680.0,0.0,0.0,Hurricane,2017.0
145284,48.0,46.0,0.0,2.0,1.0,33122,13.0,0.0,0.0,Hurricane,2017.0
289097,77.0,70.0,6.0,1.0,1.0,75157,16.0,0.0,0.0,Hurricane,2017.0
458412,157.0,148.0,9.0,0.0,0.0,313763,98.0,0.0,0.0,Hurricane,2017.0
162349,61.0,59.0,2.0,0.0,0.0,15520,11.0,0.0,0.0,Hurricane,2017.0
172019,64.0,61.0,2.0,1.0,1.0,37474,13.0,0.0,0.0,Hurricane,2017.0
203975,86.0,81.0,5.0,0.0,0.0,114475,35.0,0.0,0.0,Hurricane,2017.0
1869411,275.0,210.0,44.0,21.0,12.0,305066,74.0,1.0,0.0,Hurricane,2017.0
30942,18.0,18.0,0.0,0.0,0.0,22839,2.0,0.0,0.0,Hurricane,2017.0
1426698,595.0,566.0,26.0,3.0,0.0,967123,670.0,0.0,0.0,Hurricane,2017.0
61912,29.0,27.0,2.0,0.0,0.0,8813,6.0,0.0,0.0,Hurricane,2017.0
17960522,4606.0,4048.0,462.0,96.0,26.0,7953758,3015.0,4.0,2.0,Hurricane,2017.0
1818913,493.0,446.0,36.0,11.0,6.0,232561,105.0,0.0,0.0,Hurricane,2017.0
93566,59.0,58.0,1.0,0.0,0.0,5788,8.0,0.0,0.0,Hurricane,2017.0
208398,80.0,77.0,3.0,0.0,0.0,83101,30.0,0.0,0.0,Hurricane,2017.0
443953,163.0,156.0,7.0,0.0,0.0,143124,41.0,0.0,0.0,Hurricane,2017.0
150755,66.0,65.0,1.0,0.0,0.0,56544,24.0,0.0,0.0,Hurricane,2017.0
6618965,1452.0,1252.0,161.0,39.0,17.0,3383110,1491.0,2.0,0.0,Hurricane,2017.0
340566,118.0,112.0,5.0,1.0,0.0,589446,117.0,0.0,0.0,Hurricane,2017.0
125163,38.0,36.0,1.0,1.0,1.0,9220,6.0,0.0,0.0,Hurricane,2017.0
124681,46.0,44.0,0.0,2.0,2.0,8798,5.0,0.0,0.0,Hurricane,2017.0
21043,10.0,10.0,0.0,0.0,0.0,2764,2.0,0.0,0.0,Hurricane,2017.0
2940941,1000.0,942.0,49.0,9.0,5.0,633696,312.0,0.0,0.0,Hurricane,2017.0
961285,288.0,272.0,12.0,4.0,3.0,73185,29.0,0.0,0.0,Hurricane,2017.0
51644,23.0,23.0,0.0,0.0,0.0,4362,2.0,0.0,0.0,Hurricane,2017.0
1510025,459.0,427.0,27.0,5.0,1.0,503994,226.0,0.0,0.0,Hurricane,2017.0
115075,48.0,46.0,2.0,0.0,0.0,6233,3.0,0.0,0.0,Hurricane,2017.0
342003,152.0,147.0,3.0,2.0,2.0,30800,18.0,0.0,0.0,Hurricane,2017.0
555627,241.0,233.0,7.0,1.0,1.0,57715,40.0,0.0,0.0,Hurricane,2017.0
608242,241.0,232.0,7.0,2.0,1.0,92868,40.0,0.0,0.0,Hurricane,2017.0
2011214,579.0,531.0,39.0,9.0,1.0,640991,255.0,0.0,0.0,Hurricane,2017.0
749823,205.0,185.0,19.0,1.0,1.0,140832,71.0,0.0,0.0,Hurricane,2017.0
3136534,1086.0,1029.0,51.0,6.0,2.0,642103,323.0,0.0,0.0,Hurricane,2017.0
1367433,519.0,493.0,25.0,1.0,1.0,212658,81.0,0.0,0.0,Hurricane,2017.0
178719,75.0,72.0,3.0,0.0,0.0,15619,10.0,0.0,0.0,Hurricane,2017.0
6253928,1399.0,1212.0,153.0,34.0,9.0,997093,393.0,1.0,0.0,Hurricane,2017.0
432684,161.0,153.0,8.0,0.0,0.0,34897,14.0,0.0,0.0,Hurricane,2017.0
228825,72.0,67.0,5.0,0.0,0.0,9520,7.0,0.0,0.0,Hurricane,2017.0
8313818,1173.0,870.0,212.0,91.0,28.0,1425728,427.0,0.0,0.0,Hurricane,2017.0
305297,90.0,84.0,6.0,0.0,0.0,27854,18.0,0.0,0.0,Hurricane,2017.0
963828,349.0,332.0,13.0,4.0,2.0,134065,66.0,0.0,0.0,Hurricane,2017.0
392430,142.0,138.0,4.0,0.0,0.0,83247,38.0,0.0,0.0,Hurricane,2017.0
2084061,764.0,736.0,24.0,4.0,4.0,214022,110.0,0.0,0.0,Hurricane,2017.0
393242,85.0,75.0,9.0,1.0,0.0,14715,4.0,0.0,0.0,Flood,2017.0
416128,108.0,103.0,4.0,1.0,0.0,14824,12.0,0.0,0.0,Flood,2017.0
152723,47.0,44.0,3.0,0.0,0.0,1113,1.0,0.0,0.0,Flood,2017.0
21395,13.0,13.0,0.0,0.0,0.0,0,0.0,0.0,0.0,Flood,2017.0
10071,5.0,5.0,0.0,0.0,0.0,0,0,0,0,Flood,2017.0
59875,32.0,32.0,0.0,0.0,0.0,0,0.0,0.0,0.0,Flood,2017.0
1496035,345.0,315.0,30.0,0.0,0.0,18298,9.0,0.0,0.0,Flood,2017.0
794586,175.0,152.0,20.0,3.0,1.0,81712,29.0,0.0,0.0,Hurricane,2017.0
81207,30.0,30.0,0.0,0.0,0.0,188925,58.0,0.0,0.0,Hurricane,2017.0
40167,13.0,13.0,0.0,0.0,0.0,334280,90.0,0.0,0.0,Hurricane,2017.0
437649,141.0,133.0,8.0,0.0,0.0,253621,80.0,0.0,0.0,Hurricane,2017.0
304283,82.0,73.0,9.0,0.0,0.0,376484,97.0,0.0,0.0,Hurricane,2017.0
439089,73.0,58.0,12.0,3.0,1.0,50297,20.0,0.0,0.0,Hurricane,2017.0
5044368,930.0,758.0,165.0,7.0,3.0,1768950,443.0,0.0,0.0,Hurricane,2017.0
1183752,53.0,18.0,2.0,33.0,32.0,2249606,389.0,1.0,1.0,Fire,2017.0
198908,96.0,95.0,1.0,0.0,0.0,429421,225.0,0.0,0.0,Severe Storm(s),2017.0
1915651,191.0,126.0,37.0,28.0,22.0,1130277,325.0,0.0,0.0,Tornado,2017.0
57130,20.0,20.0,0.0,0.0,0.0,46243,14.0,0.0,0.0,Tornado,2017.0
95460,13.0,10.0,2.0,1.0,1.0,14756,2.0,0.0,0.0,Tornado,2017.0
68204,9.0,8.0,0.0,1.0,1.0,1816,2.0,0.0,0.0,Tornado,2017.0
26504,6.0,5.0,1.0,0.0,0.0,6742,1.0,0.0,0.0,Tornado,2017.0
1836,2.0,2.0,0.0,0.0,0.0,198450,32.0,0.0,0.0,Tornado,2017.0
52067,15.0,14.0,1.0,0.0,0.0,18312,7.0,0.0,0.0,Tornado,2017.0
988637,169.0,143.0,14.0,12.0,11.0,943904,244.0,1.0,0.0,Tornado,2017.0
15037,6.0,6.0,0.0,0.0,0.0,13093,3.0,0.0,0.0,Tornado,2017.0
308209,40.0,29.0,7.0,4.0,4.0,62100,14.0,0.0,0.0,Tornado,2017.0
143415,15.0,11.0,1.0,3.0,3.0,0,0.0,0.0,0.0,Tornado,2017.0
140894,22.0,18.0,2.0,2.0,1.0,31123,15.0,0.0,0.0,Tornado,2017.0
95215,12.0,9.0,2.0,1.0,1.0,73158,7.0,2.0,0.0,Tornado,2017.0
1951647,273.0,220.0,30.0,23.0,14.0,898663,296.0,0.0,0.0,Tornado,2017.0
87994,15.0,13.0,2.0,0.0,0.0,1470,1.0,0.0,0.0,Flood,2017.0
385341,94.0,82.0,11.0,1.0,1.0,74456,24.0,0.0,0.0,Flood,2017.0
1585143,94.0,39.0,21.0,34.0,20.0,224127,39.0,0.0,0.0,Flood,2017.0
32750,10.0,9.0,1.0,0.0,0.0,2976,1.0,0.0,0.0,Flood,2017.0
39747,6.0,4.0,2.0,0.0,0.0,5578,2.0,0.0,0.0,Flood,2017.0
43647,7.0,5.0,2.0,0.0,0.0,0,0,0,0,Flood,2017.0
171530,24.0,18.0,5.0,1.0,1.0,0,0.0,0.0,0.0,Flood,2017.0
66112,9.0,7.0,1.0,1.0,1.0,0,0.0,0.0,0.0,Flood,2017.0
458279,55.0,40.0,12.0,3.0,2.0,139788,32.0,0.0,0.0,Flood,2017.0
316228,33.0,22.0,8.0,3.0,3.0,3078,2.0,0.0,0.0,Flood,2017.0
137161,55.0,53.0,2.0,0.0,0.0,8779,5.0,0.0,0.0,Flood,2017.0
517716,112.0,94.0,17.0,1.0,0.0,220804,55.0,0.0,0.0,Flood,2017.0
4972,5.0,5.0,0.0,0.0,0.0,2465,1.0,0.0,0.0,Flood,2017.0
318463,39.0,28.0,6.0,5.0,4.0,10222,2.0,0.0,0.0,Flood,2017.0
1010075,186.0,157.0,20.0,9.0,3.0,183785,58.0,0.0,0.0,Flood,2017.0
96503,23.0,20.0,3.0,0.0,0.0,15488,2.0,0.0,0.0,Flood,2017.0
75352,11.0,8.0,3.0,0.0,0.0,1058,1.0,0.0,0.0,Flood,2017.0
445377,76.0,61.0,13.0,2.0,1.0,44757,12.0,0.0,0.0,Flood,2017.0
1107612,155.0,107.0,46.0,2.0,0.0,276746,52.0,0.0,0.0,Flood,2017.0
105171,25.0,22.0,2.0,1.0,1.0,968,1.0,0.0,0.0,Flood,2017.0
52502,10.0,9.0,0.0,1.0,1.0,2706,2.0,0.0,0.0,Flood,2017.0
288703,44.0,36.0,3.0,5.0,5.0,14422,5.0,0.0,0.0,Flood,2017.0
16739,7.0,7.0,0.0,0.0,0.0,3753,4.0,0.0,0.0,Flood,2017.0
109053,25.0,21.0,3.0,1.0,0.0,5114,3.0,0.0,0.0,Flood,2017.0
604785,42.0,20.0,12.0,10.0,8.0,41314,9.0,0.0,0.0,Flood,2017.0
103899,28.0,26.0,2.0,0.0,0.0,26986,8.0,0.0,0.0,Flood,2017.0
823841,66.0,39.0,9.0,18.0,10.0,92077,14.0,0.0,0.0,Flood,2017.0
322115,33.0,22.0,7.0,4.0,4.0,22370,6.0,0.0,0.0,Flood,2017.0
449301,117.0,106.0,7.0,4.0,1.0,84757,43.0,0.0,0.0,Flood,2017.0
4119,2.0,2.0,0.0,0.0,0.0,1063,1.0,0.0,0.0,Flood,2017.0
92475,36.0,35.0,1.0,0.0,0.0,7558,3.0,0.0,0.0,Flood,2017.0
519364,52.0,34.0,11.0,7.0,1.0,96661,19.0,0.0,0.0,Flood,2017.0
272576,31.0,23.0,3.0,5.0,5.0,36667,4.0,0.0,0.0,Flood,2017.0
183594,31.0,25.0,4.0,2.0,2.0,4640,4.0,0.0,0.0,Flood,2017.0
53013,7.0,5.0,1.0,1.0,1.0,536,1.0,0.0,0.0,Flood,2017.0
242496,74.0,65.0,8.0,1.0,0.0,35880,10.0,0.0,0.0,Severe Storm(s),2017.0
84391,20.0,18.0,1.0,1.0,0.0,26282,10.0,0.0,0.0,Severe Storm(s),2017.0
16361,10.0,10.0,0.0,0.0,0.0,5498,2.0,0.0,0.0,Severe Storm(s),2017.0
196467,36.0,29.0,6.0,1.0,0.0,1840,2.0,0.0,0.0,Severe Storm(s),2017.0
314455,41.0,28.0,12.0,1.0,0.0,294014,100.0,0.0,0.0,Severe Storm(s),2017.0
125896,12.0,7.0,3.0,2.0,0.0,0,0,0,0,Severe Storm(s),2017.0
47806,12.0,10.0,2.0,0.0,0.0,27338,8.0,0.0,0.0,Severe Storm(s),2017.0
91877,16.0,12.0,4.0,0.0,0.0,48210,12.0,0.0,0.0,Severe Storm(s),2017.0
58682,11.0,9.0,2.0,0.0,0.0,3704,4.0,0.0,0.0,Severe Storm(s),2017.0
268467,78.0,74.0,3.0,1.0,0.0,113632,56.0,0.0,0.0,Severe Storm(s),2017.0
781965,88.0,46.0,39.0,3.0,0.0,352952,120.0,0.0,0.0,Severe Storm(s),2017.0
190304,35.0,28.0,7.0,0.0,0.0,424182,88.0,0.0,0.0,Severe Storm(s),2017.0
447830,158.0,147.0,10.0,1.0,0.0,271672,108.0,0.0,0.0,Severe Storm(s),2017.0
110905,19.0,17.0,1.0,1.0,1.0,13204,6.0,0.0,0.0,Severe Storm(s),2017.0
94475,26.0,24.0,2.0,0.0,0.0,26442,12.0,0.0,0.0,Severe Storm(s),2017.0
66727,8.0,6.0,1.0,1.0,0.0,0,0.0,0.0,0.0,Severe Storm(s),2017.0
670275,197.0,184.0,12.0,1.0,0.0,12419,8.0,0.0,0.0,Severe Storm(s),2017.0
74799,25.0,24.0,1.0,0.0,0.0,0,0.0,0.0,0.0,Severe Storm(s),2017.0
1033392,411.0,400.0,11.0,0.0,0.0,262817,96.0,0.0,0.0,Severe Storm(s),2017.0
3063033,810.0,748.0,55.0,7.0,2.0,94645,32.0,0.0,0.0,Severe Storm(s),2017.0
342138,39.0,25.0,11.0,3.0,1.0,20753,6.0,0.0,0.0,Severe Storm(s),2017.0
649835,127.0,110.0,12.0,5.0,2.0,76001,15.0,0.0,0.0,Severe Storm(s),2017.0
556471,131.0,118.0,13.0,0.0,0.0,24788,12.0,0.0,0.0,Severe Storm(s),2017.0
887050,107.0,81.0,13.0,13.0,3.0,155714,32.0,0.0,0.0,Severe Storm(s),2017.0
23539078,4848.0,4172.0,442.0,234.0,145.0,6244961,2457.0,1.0,0.0,Hurricane,2017.0
1034574,246.0,217.0,17.0,12.0,6.0,147171,77.0,0.0,0.0,Hurricane,2017.0
686537,230.0,211.0,18.0,1.0,0.0,116132,59.0,0.0,0.0,Hurricane,2017.0
713241,417.0,409.0,7.0,1.0,0.0,142334,189.0,0.0,0.0,Hurricane,2017.0
65254466,12530.0,10060.0,1932.0,538.0,187.0,8983036,6275.0,3.0,0.0,Hurricane,2017.0
282150,60.0,51.0,8.0,1.0,0.0,14175,3.0,0.0,0.0,Hurricane,2017.0
3893648,1930.0,1870.0,50.0,10.0,4.0,1009420,1017.0,0.0,0.0,Hurricane,2017.0
23549656,2559.0,1514.0,844.0,201.0,89.0,2018795,657.0,1.0,0.0,Hurricane,2017.0
1158233,222.0,173.0,41.0,8.0,2.0,495407,210.0,0.0,0.0,Hurricane,2017.0
644071,279.0,266.0,12.0,1.0,0.0,129462,104.0,0.0,0.0,Hurricane,2017.0
4808045,307.0,146.0,47.0,114.0,73.0,278709,89.0,0.0,0.0,Hurricane,2017.0
87753355,15544.0,11847.0,2947.0,750.0,208.0,9141557,7350.0,8.0,2.0,Hurricane,2017.0
88318632,12420.0,8744.0,3033.0,643.0,214.0,19815753,8180.0,6.0,0.0,Hurricane,2017.0
591520,281.0,275.0,5.0,1.0,0.0,96038,82.0,0.0,0.0,Hurricane,2017.0
254728,112.0,105.0,7.0,0.0,0.0,46626,55.0,0.0,0.0,Hurricane,2017.0
625044,119.0,100.0,17.0,2.0,0.0,24653,12.0,0.0,0.0,Hurricane,2017.0
33177228,3614.0,2477.0,512.0,625.0,388.0,2353641,1126.0,1.0,1.0,Hurricane,2017.0
579104624,87366.0,64519.0,17475.0,5372.0,2175.0,192057020,93166.0,124.0,34.0,Hurricane,2017.0
449071,399.0,395.0,3.0,1.0,0.0,268118,378.0,0.0,0.0,Hurricane,2017.0
4179795,1151.0,1012.0,114.0,25.0,8.0,442358,443.0,0.0,0.0,Hurricane,2017.0
143100757,18086.0,12135.0,4357.0,1594.0,697.0,34271617,14167.0,9.0,2.0,Hurricane,2017.0
216324,83.0,81.0,1.0,1.0,1.0,29829,26.0,0.0,0.0,Hurricane,2017.0
316129,247.0,244.0,3.0,0.0,0.0,114457,181.0,0.0,0.0,Hurricane,2017.0
118710,68.0,66.0,2.0,0.0,0.0,22820,34.0,0.0,0.0,Hurricane,2017.0
269079,68.0,61.0,5.0,2.0,1.0,23741,14.0,0.0,0.0,Hurricane,2017.0
26578209,3848.0,2858.0,759.0,231.0,92.0,2907645,1147.0,0.0,0.0,Hurricane,2017.0
4352274,2868.0,2755.0,103.0,10.0,4.0,1359419,1973.0,0.0,0.0,Hurricane,2017.0
32585405,5171.0,4018.0,796.0,357.0,181.0,6066320,2557.0,2.0,0.0,Hurricane,2017.0
3853197,862.0,735.0,98.0,29.0,13.0,213705,122.0,0.0,0.0,Hurricane,2017.0
11372937,6750.0,6558.0,160.0,32.0,12.0,7026099,7349.0,0.0,0.0,Hurricane,2017.0
111665683,12574.0,7950.0,3263.0,1361.0,583.0,13079652,5036.0,1.0,1.0,Hurricane,2017.0
2892425,538.0,447.0,60.0,31.0,13.0,215343,156.0,0.0,0.0,Hurricane,2017.0
4438717,1059.0,955.0,70.0,34.0,21.0,910645,498.0,0.0,0.0,Hurricane,2017.0
113705,67.0,65.0,2.0,0.0,0.0,5864,7.0,0.0,0.0,Hurricane,2017.0
7585926,952.0,671.0,196.0,85.0,34.0,388600,172.0,0.0,0.0,Hurricane,2017.0
11704934,4151.0,3902.0,188.0,61.0,36.0,5324244,2969.0,1.0,0.0,Hurricane,2017.0
2134953,512.0,439.0,56.0,17.0,5.0,95916,106.0,0.0,0.0,Hurricane,2017.0
8337075,3723.0,3571.0,128.0,24.0,10.0,4705068,3704.0,0.0,0.0,Hurricane,2017.0
1332525,386.0,352.0,30.0,4.0,2.0,350439,235.0,0.0,0.0,Hurricane,2017.0
3486586,628.0,501.0,107.0,20.0,7.0,551770,266.0,0.0,0.0,Hurricane,2017.0
12733134,1820.0,1305.0,394.0,121.0,45.0,2503685,1127.0,0.0,0.0,Hurricane,2017.0
6687721,657.0,457.0,95.0,105.0,93.0,2213401,721.0,1.0,0.0,Hurricane,2017.0
18382325,2938.0,2385.0,403.0,150.0,97.0,12165536,4456.0,2.0,0.0,Hurricane,2017.0
3025664,245.0,162.0,8.0,75.0,74.0,109218,44.0,0.0,0.0,Hurricane,2017.0
292512,33.0,25.0,1.0,7.0,7.0,46780,32.0,0.0,0.0,Hurricane,2017.0
596628,80.0,64.0,6.0,10.0,9.0,101169,29.0,1.0,1.0,Hurricane,2017.0
821335,70.0,47.0,2.0,21.0,21.0,18157,17.0,0.0,0.0,Hurricane,2017.0
364190,107.0,99.0,3.0,5.0,5.0,63538,56.0,0.0,0.0,Hurricane,2017.0
1178370,325.0,303.0,8.0,14.0,14.0,101699,66.0,0.0,0.0,Hurricane,2017.0
386359,61.0,50.0,4.0,7.0,7.0,43254,30.0,0.0,0.0,Hurricane,2017.0
1422078,100.0,59.0,5.0,36.0,35.0,39144,22.0,0.0,0.0,Hurricane,2017.0
1184594,89.0,54.0,5.0,30.0,30.0,31444,23.0,0.0,0.0,Hurricane,2017.0
2275577,183.0,116.0,7.0,60.0,58.0,35530,28.0,0.0,0.0,Hurricane,2017.0
4398601,3003.0,2919.0,80.0,4.0,2.0,3209019,3522.0,0.0,0.0,Hurricane,2017.0
901726,542.0,520.0,22.0,0.0,0.0,313053,373.0,0.0,0.0,Hurricane,2017.0
500,1.0,1.0,0.0,0.0,0.0,0,0,0,0,0,0
2421264,811.0,714.0,93.0,4.0,3.0,481346,439.0,0.0,0.0,Hurricane,2017.0
16224098,8306.0,7920.0,349.0,37.0,16.0,9605169,9040.0,0.0,0.0,Hurricane,2017.0
43738610,32860.0,32461.0,379.0,20.0,7.0,62561525,53951.0,5.0,0.0,Hurricane,2017.0
3299324,2252.0,2183.0,69.0,0.0,0.0,1958731,1989.0,0.0,0.0,Hurricane,2017.0
3203760,2749.0,2713.0,31.0,5.0,3.0,1437800,1656.0,0.0,0.0,Hurricane,2017.0
7823573,2631.0,2390.0,172.0,69.0,18.0,2098574,1761.0,0.0,0.0,Hurricane,2017.0
21837321,10876.0,10328.0,485.0,63.0,21.0,13805575,11156.0,2.0,1.0,Hurricane,2017.0
2023038,1325.0,1282.0,39.0,4.0,1.0,920710,1071.0,0.0,0.0,Hurricane,2017.0
2612885,954.0,858.0,89.0,7.0,1.0,696720,739.0,0.0,0.0,Hurricane,2017.0
673467,467.0,458.0,6.0,3.0,1.0,158131,187.0,0.0,0.0,Hurricane,2017.0
23228705,13205.0,12645.0,534.0,26.0,6.0,21238310,21041.0,0.0,0.0,Hurricane,2017.0
3806968,1405.0,1278.0,124.0,3.0,1.0,1410595,1145.0,0.0,0.0,Hurricane,2017.0
420067,283.0,279.0,4.0,0.0,0.0,141065,140.0,0.0,0.0,Hurricane,2017.0
857035,377.0,362.0,13.0,2.0,1.0,192838,175.0,0.0,0.0,Hurricane,2017.0
167984,86.0,86.0,0.0,0.0,0.0,14820,17.0,0.0,0.0,Hurricane,2017.0
2151395,813.0,748.0,57.0,8.0,2.0,526813,586.0,0.0,0.0,Hurricane,2017.0
3506548,1637.0,1566.0,61.0,10.0,4.0,1079675,1043.0,0.0,0.0,Hurricane,2017.0
4161059,2707.0,2641.0,58.0,8.0,2.0,1847501,1826.0,0.0,0.0,Hurricane,2017.0
6527620,3949.0,3828.0,108.0,13.0,3.0,3297110,3129.0,0.0,0.0,Hurricane,2017.0
16777190,13350.0,13119.0,213.0,18.0,9.0,22435699,23947.0,0.0,0.0,Hurricane,2017.0
2550175,1640.0,1581.0,57.0,2.0,1.0,1560747,1544.0,2.0,1.0,Hurricane,2017.0
222890,214.0,212.0,2.0,0.0,0.0,102440,124.0,0.0,0.0,Hurricane,2017.0
7004691,5135.0,5051.0,76.0,8.0,7.0,4704967,4680.0,0.0,0.0,Hurricane,2017.0
29653973,18175.0,17530.0,595.0,50.0,19.0,21767417,21248.0,1.0,0.0,Hurricane,2017.0
924852,874.0,863.0,9.0,2.0,0.0,361136,459.0,0.0,0.0,Hurricane,2017.0
5236083,3866.0,3784.0,81.0,1.0,0.0,5186367,5156.0,0.0,0.0,Hurricane,2017.0
12092749,8895.0,8737.0,139.0,19.0,11.0,6838218,7273.0,0.0,0.0,Hurricane,2017.0
1570458,1073.0,1048.0,21.0,4.0,3.0,1024118,988.0,0.0,0.0,Hurricane,2017.0
86949088,62875.0,61963.0,853.0,59.0,23.0,136354931,116194.0,10.0,0.0,Hurricane,2017.0
46107546,8149.0,6532.0,1257.0,360.0,116.0,20166447,8643.0,16.0,9.0,Hurricane,2017.0
2290029,1230.0,1180.0,44.0,6.0,1.0,706103,634.0,0.0,0.0,Hurricane,2017.0
1691201,879.0,842.0,29.0,8.0,4.0,495569,515.0,0.0,0.0,Hurricane,2017.0
20759680,16353.0,16109.0,221.0,23.0,9.0,27112262,27332.0,0.0,0.0,Hurricane,2017.0
6008588,3495.0,3366.0,124.0,5.0,2.0,4775658,4317.0,0.0,0.0,Hurricane,2017.0
24470052,18846.0,18679.0,155.0,12.0,4.0,32320639,27074.0,3.0,1.0,Hurricane,2017.0
9781308,6664.0,6528.0,125.0,11.0,5.0,6870314,6763.0,0.0,0.0,Hurricane,2017.0
22006255,20535.0,20441.0,88.0,6.0,1.0,23849298,24068.0,0.0,0.0,Hurricane,2017.0
24667964,15652.0,15194.0,436.0,22.0,8.0,15454057,16014.0,1.0,0.0,Hurricane,2017.0
5102615,3000.0,2890.0,101.0,9.0,6.0,1644445,1878.0,0.0,0.0,Hurricane,2017.0
5944847,4638.0,4576.0,58.0,4.0,2.0,4417764,4170.0,0.0,0.0,Hurricane,2017.0
9605357,7050.0,6918.0,128.0,4.0,0.0,10566132,10210.0,0.0,0.0,Hurricane,2017.0
4898612,2333.0,2201.0,123.0,9.0,1.0,1546245,1398.0,0.0,0.0,Hurricane,2017.0
7265582,3860.0,3682.0,171.0,7.0,0.0,5137065,4342.0,0.0,0.0,Hurricane,2017.0
2168769,1338.0,1302.0,30.0,6.0,4.0,626596,715.0,0.0,0.0,Hurricane,2017.0
1087958,1017.0,1007.0,10.0,0.0,0.0,534983,667.0,0.0,0.0,Hurricane,2017.0
336820,190.0,181.0,9.0,0.0,0.0,136392,169.0,0.0,0.0,Hurricane,2017.0
13579673,8818.0,8586.0,217.0,15.0,4.0,11395548,9826.0,0.0,0.0,Hurricane,2017.0
1678220,551.0,490.0,57.0,4.0,0.0,639494,651.0,0.0,0.0,Hurricane,2017.0
252983,102.0,96.0,6.0,0.0,0.0,38904,36.0,0.0,0.0,Hurricane,2017.0
2244242,1345.0,1296.0,47.0,2.0,0.0,2614352,2873.0,0.0,0.0,Hurricane,2017.0
204005,116.0,114.0,2.0,0.0,0.0,18488,27.0,0.0,0.0,Hurricane,2017.0
2775350,1171.0,1085.0,83.0,3.0,1.0,1834193,1806.0,0.0,0.0,Hurricane,2017.0
514324,152.0,139.0,11.0,2.0,1.0,194901,210.0,0.0,0.0,Hurricane,2017.0
529741,245.0,231.0,12.0,2.0,0.0,97805,107.0,0.0,0.0,Hurricane,2017.0
9766618,2102.0,1818.0,222.0,62.0,41.0,1550385,746.0,0.0,0.0,Hurricane,2017.0
15830225,4089.0,3616.0,410.0,63.0,38.0,1818545,1048.0,1.0,0.0,Hurricane,2017.0
11518240,3850.0,3569.0,241.0,40.0,23.0,3841369,2310.0,0.0,0.0,Hurricane,2017.0
9823953,2610.0,2334.0,222.0,54.0,41.0,1567573,1020.0,0.0,0.0,Hurricane,2017.0
13829982,2958.0,2539.0,322.0,97.0,57.0,2124094,1026.0,0.0,0.0,Hurricane,2017.0
14644164,3279.0,2853.0,381.0,45.0,29.0,1635182,840.0,0.0,0.0,Hurricane,2017.0
32212026,9506.0,8574.0,814.0,118.0,65.0,6256858,3378.0,1.0,1.0,Hurricane,2017.0
7757895,2026.0,1815.0,155.0,56.0,31.0,1270360,711.0,0.0,0.0,Hurricane,2017.0
10178365,3014.0,2741.0,239.0,34.0,16.0,1609369,922.0,0.0,0.0,Hurricane,2017.0
16921116,4001.0,3543.0,362.0,96.0,65.0,3257258,1596.0,0.0,0.0,Hurricane,2017.0
34832912,14839.0,13996.0,644.0,199.0,125.0,10722998,9346.0,0.0,0.0,Hurricane,2017.0
5357238,3249.0,3162.0,75.0,12.0,9.0,1080917,1154.0,0.0,0.0,Hurricane,2017.0
27603203,10774.0,10120.0,513.0,141.0,96.0,8398718,6147.0,0.0,0.0,Hurricane,2017.0
8226427,3036.0,2822.0,196.0,18.0,11.0,1044126,834.0,0.0,0.0,Hurricane,2017.0
26705531,6016.0,5215.0,612.0,189.0,139.0,3953219,1744.0,0.0,0.0,Hurricane,2017.0
19322492,11412.0,11086.0,258.0,68.0,46.0,8457031,7751.0,0.0,0.0,Hurricane,2017.0
6210141,1961.0,1794.0,144.0,23.0,12.0,2053909,1597.0,0.0,0.0,Hurricane,2017.0
16559777,4042.0,3519.0,393.0,130.0,95.0,2838002,1922.0,0.0,0.0,Hurricane,2017.0
4383013,1385.0,1299.0,66.0,20.0,14.0,999250,530.0,0.0,0.0,Hurricane,2017.0
12314343,2449.0,2067.0,285.0,97.0,55.0,2088348,821.0,0.0,0.0,Hurricane,2017.0
14335606,4142.0,3748.0,300.0,94.0,63.0,2492546,1579.0,1.0,0.0,Hurricane,2017.0
13810398,4135.0,3748.0,326.0,61.0,45.0,2342700,1357.0,0.0,0.0,Hurricane,2017.0
14285243,2825.0,2376.0,341.0,108.0,75.0,2197150,935.0,0.0,0.0,Hurricane,2017.0
20919764,4649.0,4021.0,489.0,139.0,98.0,2573367,1244.0,0.0,0.0,Hurricane,2017.0
683055,142.0,125.0,6.0,11.0,8.0,176998,107.0,0.0,0.0,Hurricane,2017.0
13303490,3751.0,3393.0,300.0,58.0,41.0,2116827,1168.0,0.0,0.0,Hurricane,2017.0
6003438,2911.0,2808.0,81.0,22.0,15.0,1967102,1493.0,0.0,0.0,Hurricane,2017.0
5374230,1501.0,1345.0,138.0,18.0,6.0,881523,432.0,0.0,0.0,Hurricane,2017.0
3647478,1731.0,1669.0,49.0,13.0,9.0,591353,546.0,0.0,0.0,Hurricane,2017.0
21305795,4508.0,3855.0,513.0,140.0,94.0,2941574,1559.0,0.0,0.0,Hurricane,2017.0
5476205,2015.0,1907.0,85.0,23.0,19.0,735534,558.0,0.0,0.0,Hurricane,2017.0
16510804,6564.0,6159.0,341.0,64.0,39.0,4040406,3484.0,0.0,0.0,Hurricane,2017.0
9699053,3743.0,3528.0,168.0,47.0,37.0,1868238,1255.0,0.0,0.0,Hurricane,2017.0
11034953,3260.0,2941.0,272.0,47.0,36.0,1384316,1029.0,1.0,1.0,Hurricane,2017.0
2154962,1238.0,1211.0,24.0,3.0,0.0,488447,461.0,0.0,0.0,Hurricane,2017.0
25562509,7089.0,6470.0,458.0,161.0,109.0,5166577,2559.0,0.0,0.0,Hurricane,2017.0
11023010,3223.0,2917.0,248.0,58.0,26.0,1594613,1132.0,0.0,0.0,Hurricane,2017.0
7917297,1644.0,1390.0,204.0,50.0,40.0,1040952,502.0,0.0,0.0,Hurricane,2017.0
18723548,5676.0,5188.0,408.0,80.0,57.0,2438723,1420.0,0.0,0.0,Hurricane,2017.0
12906798,4420.0,4122.0,229.0,69.0,45.0,2863280,1754.0,0.0,0.0,Hurricane,2017.0
3719895,1905.0,1834.0,64.0,7.0,4.0,612974,597.0,0.0,0.0,Hurricane,2017.0
6757161,2121.0,1928.0,168.0,25.0,14.0,1341960,804.0,0.0,0.0,Hurricane,2017.0
2922388,852.0,777.0,59.0,16.0,13.0,631630,295.0,0.0,0.0,Hurricane,2017.0
11944285,4188.0,3945.0,177.0,66.0,46.0,2446099,1412.0,0.0,0.0,Hurricane,2017.0
10773920,3244.0,2983.0,228.0,33.0,25.0,1413845,891.0,0.0,0.0,Hurricane,2017.0
3858764,1687.0,1608.0,62.0,17.0,14.0,1012119,745.0,0.0,0.0,Hurricane,2017.0
12695050,4154.0,3809.0,291.0,54.0,31.0,2683037,1824.0,0.0,0.0,Hurricane,2017.0
2187492,589.0,540.0,38.0,11.0,11.0,445304,196.0,0.0,0.0,Hurricane,2017.0
7197737,1703.0,1520.0,132.0,51.0,41.0,813379,401.0,0.0,0.0,Hurricane,2017.0
13769291,4996.0,4683.0,290.0,23.0,18.0,3916013,3494.0,0.0,0.0,Hurricane,2017.0
11598884,3239.0,2907.0,283.0,49.0,32.0,1389174,877.0,0.0,0.0,Hurricane,2017.0
19478557,4029.0,3409.0,493.0,127.0,75.0,2226845,1157.0,0.0,0.0,Hurricane,2017.0
11651239,3095.0,2801.0,208.0,86.0,59.0,2273648,1156.0,0.0,0.0,Hurricane,2017.0
19298856,4096.0,3528.0,431.0,137.0,92.0,2420899,1137.0,0.0,0.0,Hurricane,2017.0
16281299,3634.0,3180.0,367.0,87.0,71.0,2005496,965.0,0.0,0.0,Hurricane,2017.0
9564487,2290.0,2009.0,235.0,46.0,35.0,1147670,646.0,0.0,0.0,Hurricane,2017.0
6864120,2132.0,1977.0,121.0,34.0,21.0,810066,530.0,0.0,0.0,Hurricane,2017.0
40773078,14199.0,13171.0,788.0,240.0,168.0,7375793,6752.0,0.0,0.0,Hurricane,2017.0
4714310,1934.0,1824.0,104.0,6.0,4.0,822359,735.0,0.0,0.0,Hurricane,2017.0
3857119,1382.0,1287.0,84.0,11.0,8.0,480005,377.0,0.0,0.0,Hurricane,2017.0
14877472,5020.0,4676.0,257.0,87.0,60.0,2624867,1823.0,0.0,0.0,Hurricane,2017.0
2161298,1492.0,1460.0,29.0,3.0,1.0,425936,503.0,0.0,0.0,Hurricane,2017.0
19482614,4188.0,3601.0,462.0,125.0,97.0,2350974,1106.0,0.0,0.0,Hurricane,2017.0
3778626,2383.0,2331.0,42.0,10.0,7.0,811611,1051.0,0.0,0.0,Hurricane,2017.0
36674386,19452.0,18752.0,577.0,123.0,86.0,25161813,25477.0,1.0,0.0,Hurricane,2017.0
10260666,3732.0,3496.0,188.0,48.0,32.0,1656651,1173.0,0.0,0.0,Hurricane,2017.0
9432782,2909.0,2652.0,223.0,34.0,12.0,1626614,1114.0,0.0,0.0,Hurricane,2017.0
8661977,2700.0,2476.0,190.0,34.0,27.0,1841122,912.0,0.0,0.0,Hurricane,2017.0
23102312,6269.0,5563.0,506.0,200.0,146.0,2566131,1792.0,1.0,0.0,Hurricane,2017.0
41465936,9583.0,8344.0,1091.0,148.0,84.0,9033749,3574.0,0.0,0.0,Hurricane,2017.0
11903219,5020.0,4760.0,214.0,46.0,26.0,3471780,2808.0,0.0,0.0,Hurricane,2017.0
14832077,3593.0,3158.0,360.0,75.0,47.0,2681008,1228.0,0.0,0.0,Hurricane,2017.0
15467890,3672.0,3180.0,414.0,78.0,45.0,1798744,1117.0,0.0,0.0,Hurricane,2017.0
21810520,6204.0,5573.0,544.0,87.0,51.0,3640268,1980.0,1.0,0.0,Hurricane,2017.0
6665964,1208.0,1031.0,82.0,95.0,85.0,661157,339.0,0.0,0.0,Hurricane,2017.0
9213478,2852.0,2633.0,178.0,41.0,28.0,1067605,663.0,0.0,0.0,Hurricane,2017.0
20269832,5184.0,4666.0,382.0,136.0,95.0,2259947,1066.0,0.0,0.0,Hurricane,2017.0
7349065,3516.0,3348.0,151.0,17.0,13.0,1307064,1121.0,0.0,0.0,Hurricane,2017.0
21022251,4569.0,4033.0,378.0,158.0,125.0,10811600,4625.0,0.0,0.0,Hurricane,2017.0
2799614,157.0,68.0,20.0,69.0,66.0,353852,116.0,0.0,0.0,Hurricane,2017.0
4476050,715.0,594.0,61.0,60.0,54.0,2968863,1290.0,1.0,0.0,Hurricane,2017.0
9335,2.0,2.0,0.0,0.0,0.0,0,0.0,0.0,0.0,Hurricane,2017.0
340,1.0,1.0,0.0,0.0,0.0,0,0.0,0.0,0.0,Hurricane,2017.0
472569,42.0,26.0,4.0,12.0,9.0,72028,16.0,0.0,0.0,Fire,2018.0
436275,41.0,29.0,0.0,12.0,12.0,255633,48.0,0.0,0.0,Fire,2018.0
1734698,130.0,79.0,4.0,47.0,40.0,981677,138.0,3.0,1.0,Fire,2018.0
315297,170.0,164.0,1.0,5.0,5.0,596150,247.0,1.0,0.0,Fire,2018.0
201783,16.0,10.0,1.0,5.0,5.0,76087,14.0,0.0,0.0,Fire,2018.0
62000,57.0,56.0,0.0,1.0,1.0,14000,28.0,0.0,0.0,Fire,2018.0
3095398,1673.0,1608.0,7.0,58.0,53.0,7343289,1759.0,15.0,7.0,Fire,2018.0
887628,78.0,54.0,1.0,23.0,21.0,265297,49.0,0.0,0.0,Fire,2018.0
296993,28.0,22.0,0.0,6.0,0.0,89947,15.0,0.0,0.0,Fire,2018.0
300844,11.0,3.0,1.0,7.0,0.0,112574,20.0,0.0,0.0,Fire,2018.0
1547848,203.0,165.0,14.0,24.0,0.0,654893,185.0,0.0,0.0,Fire,2018.0
906221,53.0,25.0,11.0,17.0,0.0,1099443,220.0,2.0,0.0,Fire,2018.0
9777159,2581.0,2425.0,130.0,26.0,0.0,1051506,613.0,0.0,0.0,Hurricane,2018.0
126612,74.0,74.0,0.0,0.0,0.0,4635,7.0,0.0,0.0,Hurricane,2018.0
150994,47.0,44.0,3.0,0.0,0.0,16536,13.0,0.0,0.0,Hurricane,2018.0
5317,1.0,1.0,0.0,0.0,0.0,0,0.0,0.0,0.0,Hurricane,2018.0
8547906,2256.0,2118.0,110.0,28.0,0.0,832389,487.0,0.0,0.0,Hurricane,2018.0
181921,28.0,21.0,6.0,1.0,0.0,316208,161.0,0.0,0.0,Severe Storm(s),2018.0
132121,38.0,37.0,1.0,0.0,0.0,41923,23.0,0.0,0.0,Severe Storm(s),2018.0
92790,10.0,8.0,0.0,2.0,0.0,9454,4.0,0.0,0.0,Severe Storm(s),2018.0
144944,34.0,28.0,5.0,1.0,0.0,1394,1.0,0.0,0.0,Flood,2018.0
336700,61.0,46.0,15.0,0.0,0.0,72812,25.0,0.0,0.0,Flood,2018.0
62331,8.0,7.0,0.0,1.0,0.0,23935,12.0,0.0,0.0,Flood,2018.0
891396,265.0,252.0,12.0,1.0,0.0,73393,38.0,0.0,0.0,Flood,2018.0
113949,20.0,16.0,4.0,0.0,0.0,29083,8.0,0.0,0.0,Flood,2018.0
20266,6.0,5.0,1.0,0.0,0.0,0,0,0,0,Flood,2018.0
142568,20.0,14.0,6.0,0.0,0.0,12316,6.0,0.0,0.0,Flood,2018.0
16034,8.0,8.0,0.0,0.0,0.0,1234,1.0,0.0,0.0,Flood,2018.0
63061,11.0,9.0,2.0,0.0,0.0,0,0.0,0.0,0.0,Flood,2018.0
4928,3.0,3.0,0.0,0.0,0.0,0,0,0,0,Flood,2018.0
46675,17.0,17.0,0.0,0.0,0.0,0,0.0,0.0,0.0,Flood,2018.0
470471,166.0,160.0,6.0,0.0,0.0,137956,64.0,0.0,0.0,Flood,2018.0
331856,79.0,72.0,7.0,0.0,0.0,13351,5.0,0.0,0.0,Flood,2018.0
20653,9.0,8.0,1.0,0.0,0.0,0,0.0,0.0,0.0,Flood,2018.0
28881,8.0,8.0,0.0,0.0,0.0,0,0,0,0,Flood,2018.0
38311,6.0,5.0,0.0,1.0,0.0,1048,1.0,0.0,0.0,Flood,2018.0
494345,213.0,209.0,3.0,1.0,0.0,17799,13.0,0.0,0.0,Flood,2018.0
23919,10.0,10.0,0.0,0.0,0.0,3666,2.0,0.0,0.0,Flood,2018.0
104555,12.0,8.0,3.0,1.0,0.0,2578,2.0,0.0,0.0,Flood,2018.0
91670,22.0,20.0,2.0,0.0,0.0,4377,1.0,0.0,0.0,Flood,2018.0
35865,7.0,6.0,1.0,0.0,0.0,5228,1.0,0.0,0.0,Flood,2018.0
190487,41.0,35.0,6.0,0.0,0.0,446237,179.0,0.0,0.0,Severe Storm(s),2018.0
47096,5.0,4.0,0.0,1.0,0.0,39668,5.0,1.0,0.0,Severe Storm(s),2018.0
798069,97.0,74.0,15.0,8.0,0.0,92915,17.0,0.0,0.0,Flood,2018.0
414081,65.0,56.0,7.0,2.0,0.0,286857,73.0,0.0,0.0,Flood,2018.0
10080658,627.0,411.0,17.0,199.0,0.0,2209482,381.0,3.0,0.0,Volcano,2018.0
1002831,313.0,293.0,18.0,2.0,0.0,124016,53.0,0.0,0.0,Flood,2018.0
26628161,3883.0,2803.0,1057.0,23.0,0.0,2539465,730.0,1.0,0.0,Flood,2018.0
330420,124.0,119.0,5.0,0.0,0.0,14737,13.0,0.0,0.0,Flood,2018.0
1567991,65.0,23.0,6.0,36.0,0.0,302468,46.0,1.0,0.0,Fire,2018.0
4640260,163.0,45.0,5.0,113.0,0.0,1581596,225.0,3.0,0.0,Fire,2018.0
59451,36.0,35.0,1.0,0.0,0.0,9479,9.0,0.0,0.0,Hurricane,2018.0
856430,280.0,260.0,20.0,0.0,0.0,366424,118.0,0.0,0.0,Hurricane,2018.0
2980459,793.0,711.0,69.0,13.0,0.0,573500,257.0,0.0,0.0,Hurricane,2018.0
6359608,1424.0,1244.0,126.0,54.0,0.0,1071233,494.0,0.0,0.0,Hurricane,2018.0
6107471,1587.0,1428.0,135.0,24.0,0.0,1935678,828.0,1.0,0.0,Hurricane,2018.0
94810,23.0,21.0,1.0,1.0,0.0,11911,4.0,0.0,0.0,Hurricane,2018.0
4986533,1210.0,1066.0,129.0,15.0,0.0,1323793,592.0,0.0,0.0,Hurricane,2018.0
13207240,2485.0,2058.0,355.0,72.0,0.0,4868869,1417.0,0.0,0.0,Hurricane,2018.0
3096962,934.0,865.0,45.0,24.0,0.0,2084097,952.0,1.0,0.0,Hurricane,2018.0
11399868,1095.0,726.0,167.0,202.0,0.0,1482695,449.0,1.0,0.0,Hurricane,2018.0
171540,52.0,47.0,5.0,0.0,0.0,58715,23.0,0.0,0.0,Hurricane,2018.0
37152,26.0,26.0,0.0,0.0,0.0,24426,10.0,0.0,0.0,Hurricane,2018.0
104240,44.0,41.0,3.0,0.0,0.0,96121,37.0,0.0,0.0,Hurricane,2018.0
970157,292.0,275.0,9.0,8.0,0.0,135896,80.0,0.0,0.0,Hurricane,2018.0
413814,161.0,155.0,4.0,2.0,0.0,86061,50.0,0.0,0.0,Hurricane,2018.0
204152,58.0,54.0,4.0,0.0,0.0,20186,9.0,0.0,0.0,Hurricane,2018.0
117304,58.0,58.0,0.0,0.0,0.0,63519,21.0,0.0,0.0,Hurricane,2018.0
5046892,561.0,380.0,115.0,66.0,0.0,515197,155.0,0.0,0.0,Hurricane,2018.0
187409,65.0,62.0,2.0,1.0,0.0,57050,14.0,0.0,0.0,Hurricane,2018.0
909319,298.0,281.0,14.0,3.0,0.0,275973,175.0,0.0,0.0,Hurricane,2018.0
659779,182.0,161.0,18.0,3.0,0.0,107454,36.0,0.0,0.0,Hurricane,2018.0
6265602,1772.0,1570.0,191.0,11.0,0.0,6376383,2689.0,1.0,0.0,Hurricane,2018.0
7233810,1646.0,1443.0,179.0,24.0,0.0,4362801,1775.0,1.0,0.0,Hurricane,2018.0
83637,19.0,16.0,3.0,0.0,0.0,185327,43.0,0.0,0.0,Hurricane,2018.0
1833626,449.0,389.0,54.0,6.0,0.0,279943,110.0,0.0,0.0,Hurricane,2018.0
15468378,1949.0,1493.0,216.0,240.0,0.0,2390650,727.0,2.0,0.0,Hurricane,2018.0
128621,54.0,53.0,1.0,0.0,0.0,62963,27.0,0.0,0.0,Hurricane,2018.0
300203,177.0,176.0,1.0,0.0,0.0,44339,34.0,0.0,0.0,Hurricane,2018.0
6749875,2522.0,2407.0,105.0,10.0,0.0,2246047,1151.0,0.0,0.0,Hurricane,2018.0
1780593,436.0,401.0,14.0,21.0,0.0,337553,163.0,0.0,0.0,Hurricane,2018.0
1356762,442.0,408.0,33.0,1.0,0.0,857270,296.0,1.0,0.0,Hurricane,2018.0
102165,25.0,22.0,2.0,1.0,0.0,17459,6.0,0.0,0.0,Hurricane,2018.0
1067110,448.0,426.0,22.0,0.0,0.0,427991,255.0,0.0,0.0,Hurricane,2018.0
103677,25.0,22.0,2.0,1.0,0.0,25458,12.0,0.0,0.0,Hurricane,2018.0
602653,264.0,252.0,12.0,0.0,0.0,69229,33.0,0.0,0.0,Hurricane,2018.0
344394,143.0,137.0,6.0,0.0,0.0,52781,21.0,0.0,0.0,Hurricane,2018.0
1908711,560.0,517.0,37.0,6.0,0.0,657116,271.0,0.0,0.0,Hurricane,2018.0
78433,49.0,49.0,0.0,0.0,0.0,41946,14.0,0.0,0.0,Hurricane,2018.0
187249,59.0,55.0,4.0,0.0,0.0,70107,21.0,0.0,0.0,Hurricane,2018.0
14044559,2060.0,1540.0,413.0,107.0,0.0,1344001,457.0,0.0,0.0,Hurricane,2018.0
3215682,646.0,555.0,72.0,19.0,0.0,455405,164.0,0.0,0.0,Hurricane,2018.0
1200950,343.0,306.0,34.0,3.0,0.0,160066,64.0,0.0,0.0,Hurricane,2018.0
304178,97.0,91.0,5.0,1.0,0.0,156245,105.0,0.0,0.0,Typhoon,2018.0
319980,89.0,84.0,4.0,1.0,0.0,95791,50.0,0.0,0.0,Typhoon,2018.0
92597,32.0,30.0,2.0,0.0,0.0,42760,22.0,0.0,0.0,Typhoon,2018.0
58432154,8175.0,6436.0,1237.0,502.0,0.0,40735487,11552.0,19.0,0.0,Hurricane,2019.0
8352576,1343.0,1123.0,152.0,68.0,0.0,903135,388.0,0.0,0.0,Hurricane,2019.0
1644723,336.0,295.0,30.0,11.0,0.0,198796,82.0,0.0,0.0,Hurricane,2019.0
3196726,1021.0,974.0,34.0,13.0,0.0,692669,348.0,0.0,0.0,Hurricane,2019.0
9887370,1327.0,1020.0,203.0,104.0,0.0,1581545,507.0,2.0,0.0,Hurricane,2019.0
433536,188.0,181.0,7.0,0.0,0.0,72162,41.0,0.0,0.0,Hurricane,2019.0
12257734,2718.0,2439.0,207.0,72.0,0.0,2449137,1210.0,0.0,0.0,Hurricane,2019.0
523588,252.0,243.0,7.0,2.0,0.0,397760,222.0,0.0,0.0,Hurricane,2019.0
1076909,322.0,304.0,14.0,4.0,0.0,146368,74.0,0.0,0.0,Hurricane,2019.0
87864,37.0,35.0,2.0,0.0,0.0,7064,7.0,0.0,0.0,Hurricane,2019.0
1194021,266.0,232.0,28.0,6.0,0.0,226768,78.0,0.0,0.0,Hurricane,2019.0
2233637,674.0,632.0,30.0,12.0,0.0,317042,148.0,2.0,0.0,Hurricane,2019.0
353173,109.0,101.0,5.0,3.0,0.0,53450,23.0,0.0,0.0,Hurricane,2019.0
228112,83.0,79.0,2.0,2.0,0.0,27271,24.0,0.0,0.0,Hurricane,2019.0
178418,55.0,53.0,0.0,2.0,0.0,16617,15.0,0.0,0.0,Hurricane,2019.0
385321,126.0,119.0,4.0,3.0,0.0,136438,87.0,0.0,0.0,Hurricane,2019.0
1194109,442.0,426.0,11.0,5.0,0.0,463636,313.0,0.0,0.0,Hurricane,2019.0
848791,332.0,319.0,8.0,5.0,0.0,776192,499.0,0.0,0.0,Hurricane,2019.0
769245,219.0,205.0,6.0,8.0,0.0,192022,117.0,0.0,0.0,Hurricane,2019.0
284594,135.0,129.0,6.0,0.0,0.0,90386,60.0,0.0,0.0,Hurricane,2019.0
156106,42.0,39.0,2.0,1.0,0.0,20857,19.0,0.0,0.0,Hurricane,2019.0
486205,138.0,125.0,12.0,1.0,0.0,95633,63.0,0.0,0.0,Hurricane,2019.0
672326,179.0,167.0,7.0,5.0,0.0,166984,118.0,0.0,0.0,Hurricane,2019.0
721975,288.0,278.0,8.0,2.0,0.0,150276,111.0,0.0,0.0,Hurricane,2019.0
255367,114.0,112.0,2.0,0.0,0.0,123691,70.0,0.0,0.0,Hurricane,2019.0
1528106,373.0,340.0,24.0,9.0,0.0,351707,190.0,0.0,0.0,Hurricane,2019.0
116647,46.0,45.0,1.0,0.0,0.0,12624,14.0,0.0,0.0,Hurricane,2019.0
214576,88.0,85.0,2.0,1.0,0.0,91036,64.0,0.0,0.0,Hurricane,2019.0
183508,74.0,71.0,2.0,1.0,0.0,70083,41.0,0.0,0.0,Hurricane,2019.0
131017,53.0,50.0,3.0,0.0,0.0,40413,26.0,0.0,0.0,Hurricane,2019.0
160234,69.0,69.0,0.0,0.0,0.0,47137,23.0,0.0,0.0,Hurricane,2019.0
642444,187.0,173.0,9.0,5.0,0.0,84920,47.0,0.0,0.0,Hurricane,2019.0
20424,5.0,4.0,1.0,0.0,0.0,4724,3.0,0.0,0.0,Typhoon,2019.0
24473907,2713.0,1863.0,681.0,169.0,0.0,13726203,3719.0,0.0,0.0,Typhoon,2019.0
1742015,252.0,200.0,42.0,10.0,0.0,889552,247.0,0.0,0.0,Typhoon,2019.0
44553701,1715.0,598.0,128.0,989.0,0.0,38378529,5576.0,54.0,0.0,Fire,2019.0
2098938,150.0,98.0,8.0,44.0,0.0,2965427,496.0,7.0,0.0,Fire,2019.0
360833,15.0,6.0,0.0,9.0,0.0,229913,37.0,2.0,0.0,Fire,2019.0
19260550,2786.0,2283.0,174.0,329.0,0.0,149989,112.0,0.0,0.0,Earthquake,2019.0
551703,91.0,77.0,5.0,9.0,0.0,8036,3.0,0.0,0.0,Earthquake,2019.0
6017059,1297.0,1146.0,85.0,66.0,0.0,56570,43.0,0.0,0.0,Earthquake,2019.0
1094620,95.0,68.0,6.0,21.0,0.0,202035,41.0,0.0,0.0,Tornado,2019.0
85112,9.0,4.0,5.0,0.0,0.0,0,0.0,0.0,0.0,Flood,2019.0
301356,36.0,27.0,9.0,0.0,0.0,26427,7.0,0.0,0.0,Flood,2019.0
368743,46.0,33.0,10.0,3.0,0.0,27152,13.0,0.0,0.0,Flood,2019.0
783087,152.0,132.0,18.0,2.0,0.0,39179,21.0,0.0,0.0,Flood,2019.0
37869,8.0,7.0,1.0,0.0,0.0,0,0.0,0.0,0.0,Flood,2019.0
316036,35.0,19.0,14.0,2.0,0.0,724,1.0,0.0,0.0,Flood,2019.0
776242,107.0,84.0,15.0,8.0,0.0,62303,16.0,0.0,0.0,Flood,2019.0
172712,39.0,34.0,5.0,0.0,0.0,10630,6.0,0.0,0.0,Flood,2019.0
135377,24.0,19.0,5.0,0.0,0.0,3368,2.0,0.0,0.0,Flood,2019.0
245229,68.0,63.0,4.0,1.0,0.0,1400,1.0,0.0,0.0,Flood,2019.0
565889,156.0,148.0,8.0,0.0,0.0,26878,11.0,0.0,0.0,Flood,2019.0
3585037,595.0,503.0,68.0,24.0,0.0,500700,196.0,0.0,0.0,Flood,2019.0
3442283,408.0,282.0,90.0,36.0,0.0,340651,111.0,0.0,0.0,Flood,2019.0
600472,107.0,90.0,17.0,0.0,0.0,17714,7.0,0.0,0.0,Flood,2019.0
170164,22.0,18.0,1.0,3.0,0.0,3986,3.0,0.0,0.0,Flood,2019.0
285564,50.0,41.0,7.0,2.0,0.0,6462,4.0,0.0,0.0,Flood,2019.0
335196,52.0,40.0,10.0,2.0,0.0,1170,3.0,0.0,0.0,Flood,2019.0
442548,75.0,64.0,9.0,2.0,0.0,32153,12.0,0.0,0.0,Flood,2019.0
141222,17.0,10.0,6.0,1.0,0.0,1754,1.0,0.0,0.0,Flood,2019.0
150025,14.0,10.0,1.0,3.0,0.0,3723,1.0,0.0,0.0,Flood,2019.0
589340,94.0,74.0,20.0,0.0,0.0,18269,6.0,0.0,0.0,Flood,2019.0
304043,45.0,36.0,6.0,3.0,0.0,6864,4.0,0.0,0.0,Flood,2019.0
52504,8.0,6.0,2.0,0.0,0.0,5201,4.0,0.0,0.0,Flood,2019.0
12181,6.0,6.0,0.0,0.0,0.0,0,0.0,0.0,0.0,Flood,2019.0
2112,1.0,1.0,0.0,0.0,0.0,0,0,0,0,Flood,2019.0
9356337,454.0,200.0,54.0,200.0,0.0,1350259,186.0,0.0,0.0,Flood,2019.0
508219,77.0,61.0,12.0,4.0,0.0,32484,10.0,0.0,0.0,Flood,2019.0
59855,11.0,10.0,1.0,0.0,0.0,1130,1.0,0.0,0.0,Flood,2019.0
154269,34.0,29.0,5.0,0.0,0.0,7837,3.0,0.0,0.0,Flood,2019.0
218710,30.0,23.0,6.0,1.0,0.0,30421,12.0,0.0,0.0,Flood,2019.0
3017545,229.0,137.0,38.0,54.0,0.0,409545,109.0,0.0,0.0,Flood,2019.0
505421,95.0,78.0,13.0,4.0,0.0,53991,14.0,0.0,0.0,Flood,2019.0
150710,52.0,49.0,2.0,1.0,0.0,4134,4.0,0.0,0.0,Flood,2019.0
8174317,266.0,42.0,21.0,203.0,0.0,527147,77.0,0.0,0.0,Flood,2019.0
99378,49.0,49.0,0.0,0.0,0.0,1578,2.0,0.0,0.0,Flood,2019.0
63249,22.0,20.0,2.0,0.0,0.0,252,1.0,0.0,0.0,Flood,2019.0
572689,161.0,147.0,11.0,3.0,0.0,99980,38.0,0.0,0.0,Flood,2019.0
409921,143.0,136.0,7.0,0.0,0.0,80773,43.0,0.0,0.0,Flood,2019.0
131801,58.0,55.0,3.0,0.0,0.0,0,0.0,0.0,0.0,Flood,2019.0
725544,357.0,347.0,10.0,0.0,0.0,18430,11.0,0.0,0.0,Flood,2019.0
55315,15.0,13.0,2.0,0.0,0.0,2058,1.0,0.0,0.0,Severe Storm(s),2019.0
589479,82.0,68.0,7.0,7.0,0.0,28894,11.0,0.0,0.0,Severe Storm(s),2019.0
71443,25.0,24.0,0.0,1.0,0.0,3519,2.0,0.0,0.0,Severe Storm(s),2019.0
44421,19.0,18.0,1.0,0.0,0.0,7322,1.0,0.0,0.0,Severe Storm(s),2019.0
125859,48.0,46.0,1.0,1.0,0.0,16436,6.0,0.0,0.0,Severe Storm(s),2019.0
222132,59.0,54.0,4.0,1.0,0.0,16887,12.0,0.0,0.0,Severe Storm(s),2019.0
53518,25.0,24.0,1.0,0.0,0.0,795,1.0,0.0,0.0,Severe Storm(s),2019.0
199003,110.0,107.0,3.0,0.0,0.0,33658,12.0,0.0,0.0,Severe Storm(s),2019.0
87185,26.0,24.0,2.0,0.0,0.0,2916,3.0,0.0,0.0,Severe Storm(s),2019.0
31922,7.0,6.0,1.0,0.0,0.0,10550,3.0,0.0,0.0,Severe Storm(s),2019.0
242987,45.0,39.0,2.0,4.0,0.0,14158,7.0,0.0,0.0,Severe Storm(s),2019.0
401541,66.0,54.0,9.0,3.0,0.0,6847,6.0,0.0,0.0,Severe Storm(s),2019.0
3784103,218.0,85.0,63.0,70.0,0.0,316073,83.0,0.0,0.0,Severe Storm(s),2019.0
39082,23.0,22.0,1.0,0.0,0.0,0,0.0,0.0,0.0,Severe Storm(s),2019.0
158042,36.0,31.0,5.0,0.0,0.0,3934,2.0,0.0,0.0,Severe Storm(s),2019.0
58474,20.0,19.0,0.0,1.0,0.0,6100,6.0,0.0,0.0,Severe Storm(s),2019.0
994089,131.0,89.0,38.0,4.0,0.0,59337,17.0,0.0,0.0,Severe Storm(s),2019.0
225595,64.0,59.0,4.0,1.0,0.0,77457,20.0,0.0,0.0,Severe Storm(s),2019.0
103460,19.0,16.0,2.0,1.0,0.0,11977,3.0,0.0,0.0,Severe Storm(s),2019.0
130514,42.0,39.0,2.0,1.0,0.0,42193,10.0,0.0,0.0,Severe Storm(s),2019.0
18982,10.0,9.0,1.0,0.0,0.0,0,0.0,0.0,0.0,Severe Storm(s),2019.0
651793,107.0,82.0,19.0,6.0,0.0,19812,8.0,0.0,0.0,Severe Storm(s),2019.0
612590,30.0,6.0,11.0,13.0,0.0,160930,35.0,0.0,0.0,Severe Storm(s),2019.0
4047505,456.0,310.0,92.0,54.0,0.0,368155,93.0,0.0,0.0,Severe Storm(s),2019.0
784389,81.0,57.0,13.0,11.0,0.0,35216,8.0,0.0,0.0,Severe Storm(s),2019.0
188311,44.0,37.0,5.0,2.0,0.0,47288,11.0,0.0,0.0,Severe Storm(s),2019.0
42222,25.0,25.0,0.0,0.0,0.0,1400,1.0,0.0,0.0,Severe Storm(s),2019.0
15598,19.0,19.0,0.0,0.0,0.0,0,0.0,0.0,0.0,Flood,2019.0
110877,46.0,44.0,2.0,0.0,0.0,0,0.0,0.0,0.0,Flood,2019.0
375129,112.0,101.0,9.0,2.0,0.0,41832,25.0,0.0,0.0,Flood,2019.0
10726,6.0,6.0,0.0,0.0,0.0,0,0.0,0.0,0.0,Flood,2019.0
64081,28.0,28.0,0.0,0.0,0.0,0,0.0,0.0,0.0,Flood,2019.0
33768,15.0,15.0,0.0,0.0,0.0,0,0.0,0.0,0.0,Flood,2019.0
16358,10.0,10.0,0.0,0.0,0.0,892,1.0,0.0,0.0,Flood,2019.0
416169,214.0,209.0,5.0,0.0,0.0,5446,3.0,0.0,0.0,Flood,2019.0
388707,160.0,156.0,3.0,1.0,0.0,5046,5.0,0.0,0.0,Flood,2019.0
121649,69.0,68.0,1.0,0.0,0.0,6267,4.0,0.0,0.0,Flood,2019.0
115592,43.0,39.0,4.0,0.0,0.0,1430,1.0,0.0,0.0,Flood,2019.0
346688,143.0,135.0,8.0,0.0,0.0,2063,2.0,0.0,0.0,Flood,2019.0
33353,11.0,10.0,1.0,0.0,0.0,0,0.0,0.0,0.0,Flood,2019.0
81285,11.0,7.0,4.0,0.0,0.0,0,0.0,0.0,0.0,Flood,2019.0
133908,9.0,2.0,7.0,0.0,0.0,3396,3.0,0.0,0.0,Flood,2019.0
165240,18.0,12.0,4.0,2.0,0.0,8511,3.0,0.0,0.0,Flood,2019.0
373129,30.0,11.0,16.0,3.0,0.0,13863,6.0,0.0,0.0,Flood,2019.0
618663,101.0,83.0,12.0,6.0,0.0,18406,8.0,0.0,0.0,Flood,2019.0
3104634,245.0,132.0,67.0,46.0,0.0,63446,17.0,0.0,0.0,Flood,2019.0
104656,6.0,2.0,2.0,2.0,0.0,2062,1.0,0.0,0.0,Flood,2019.0
203556,12.0,6.0,2.0,4.0,0.0,2280,1.0,0.0,0.0,Flood,2019.0
1030132,86.0,48.0,23.0,15.0,0.0,51056,18.0,0.0,0.0,Flood,2019.0
51061,3.0,1.0,1.0,1.0,0.0,1396,1.0,0.0,0.0,Flood,2019.0
707463,114.0,92.0,15.0,7.0,0.0,61295,24.0,0.0,0.0,Flood,2019.0
1950585,163.0,82.0,59.0,22.0,0.0,63984,29.0,0.0,0.0,Flood,2019.0
108361,15.0,12.0,1.0,2.0,0.0,4550,1.0,0.0,0.0,Flood,2019.0
57173,6.0,4.0,1.0,1.0,0.0,0,0,0,0,Tornado,2019.0
589,1.0,1.0,0.0,0.0,0.0,0,0.0,0.0,0.0,Tornado,2019.0
90143,14.0,12.0,0.0,2.0,0.0,291593,84.0,0.0,0.0,Tornado,2019.0
47374,2.0,1.0,0.0,1.0,0.0,8354,2.0,0.0,0.0,Tornado,2019.0
628259,213.0,200.0,12.0,1.0,0.0,264868,162.0,0.0,0.0,Tornado,2019.0
16056,8.0,8.0,0.0,0.0,0.0,12608,10.0,0.0,0.0,Tornado,2019.0
53622,7.0,6.0,0.0,1.0,0.0,17236,6.0,0.0,0.0,Tornado,2019.0
833207,233.0,220.0,9.0,4.0,0.0,5136801,2023.0,2.0,0.0,Tornado,2019.0
9907,6.0,6.0,0.0,0.0,0.0,7370,2.0,0.0,0.0,Tornado,2019.0
1209,1.0,1.0,0.0,0.0,0.0,0,0.0,0.0,0.0,Tornado,2019.0
4018,2.0,2.0,0.0,0.0,0.0,25092,2.0,0.0,0.0,Tornado,2019.0
222579,71.0,62.0,8.0,1.0,0.0,2089,2.0,0.0,0.0,Severe Storm(s),2019.0
133177,28.0,24.0,3.0,1.0,0.0,6651,7.0,0.0,0.0,Severe Storm(s),2019.0
87469,6.0,3.0,1.0,2.0,0.0,11304,3.0,0.0,0.0,Severe Storm(s),2019.0
272204,58.0,51.0,3.0,4.0,0.0,22990,8.0,0.0,0.0,Severe Storm(s),2019.0
56382,14.0,12.0,2.0,0.0,0.0,1378,1.0,0.0,0.0,Severe Storm(s),2019.0
99839,31.0,28.0,3.0,0.0,0.0,10454,7.0,0.0,0.0,Severe Storm(s),2019.0
292108,35.0,25.0,7.0,3.0,0.0,22022,7.0,0.0,0.0,Severe Storm(s),2019.0
413042,41.0,31.0,2.0,8.0,0.0,262874,104.0,0.0,0.0,Severe Storm(s),2019.0
66070,22.0,21.0,1.0,0.0,0.0,20101,2.0,0.0,0.0,Severe Storm(s),2019.0
657038,116.0,90.0,23.0,3.0,0.0,162031,47.0,0.0,0.0,Severe Storm(s),2019.0
475753,76.0,59.0,11.0,6.0,0.0,52517,11.0,0.0,0.0,Severe Storm(s),2019.0
177452,46.0,42.0,3.0,1.0,0.0,40910,4.0,0.0,0.0,Severe Storm(s),2019.0
50968,9.0,7.0,2.0,0.0,0.0,1848,1.0,0.0,0.0,Severe Storm(s),2019.0
48247,10.0,9.0,1.0,0.0,0.0,0,0.0,0.0,0.0,Severe Storm(s),2019.0
56512,12.0,10.0,2.0,0.0,0.0,976,1.0,0.0,0.0,Severe Storm(s),2019.0
487843,87.0,74.0,8.0,5.0,0.0,65170,23.0,0.0,0.0,Severe Storm(s),2019.0
167391,13.0,6.0,5.0,2.0,0.0,2206,1.0,0.0,0.0,Severe Storm(s),2019.0
314841,49.0,39.0,9.0,1.0,0.0,26509,7.0,0.0,0.0,Severe Storm(s),2019.0
130439,15.0,11.0,2.0,2.0,0.0,103368,39.0,0.0,0.0,Severe Storm(s),2019.0
124830,40.0,38.0,2.0,0.0,0.0,46290,13.0,0.0,0.0,Severe Storm(s),2019.0
31260,10.0,9.0,1.0,0.0,0.0,0,0.0,0.0,0.0,Severe Storm(s),2019.0
224687,36.0,29.0,5.0,2.0,0.0,49273,13.0,0.0,0.0,Severe Storm(s),2019.0
22017,6.0,5.0,1.0,0.0,0.0,0,0.0,0.0,0.0,Severe Storm(s),2019.0
26412,6.0,5.0,1.0,0.0,0.0,0,0,0,0,Severe Storm(s),2019.0
17324,4.0,4.0,0.0,0.0,0.0,0,0,0,0,Severe Storm(s),2019.0
1427650,286.0,250.0,26.0,10.0,0.0,170364,56.0,0.0,0.0,Severe Storm(s),2019.0
7114243,1119.0,846.0,270.0,3.0,0.0,712391,258.0,0.0,0.0,Flood,2019.0
3298426,629.0,522.0,96.0,11.0,0.0,232832,108.0,0.0,0.0,Flood,2019.0
1142243,192.0,144.0,47.0,1.0,0.0,150377,73.0,0.0,0.0,Flood,2019.0
3623895,448.0,298.0,144.0,6.0,0.0,316906,93.0,0.0,0.0,Flood,2020.0
7411940,1333.0,1063.0,264.0,6.0,0.0,2061022,771.0,0.0,0.0,Flood,2020.0
18405207,2319.0,1436.0,842.0,41.0,0.0,3933428,1207.0,0.0,0.0,Flood,2020.0
3696788,579.0,435.0,137.0,7.0,0.0,566726,184.0,0.0,0.0,Flood,2020.0
8022615,1100.0,780.0,293.0,27.0,0.0,813403,207.0,0.0,0.0,Flood,2020.0
9672865,1585.0,1186.0,374.0,25.0,0.0,1039349,322.0,0.0,0.0,Flood,2020.0
82351,20.0,18.0,2.0,0.0,0.0,4214,3.0,0.0,0.0,Flood,2020.0
0,0,0,0,0,0,500,1.0,0.0,0.0,0,0
0,0,0,0,0,0,500,1.0,0.0,0.0,0,0
